Escenario,NumClientes,Cliente,Operacion,Tiempo(ms)
Secuencial,1,1,firma,9.4487
Secuencial,1,1,verificacion_servidor,0.1278
Secuencial,1,1,cifrado_simetrico_servidor,0.4486
Secuencial,1,1,cifrado_asimetrico_servidor,0.2380
Secuencial,1,1,cifrado_asimetrico,1.1393
Secuencial,1,1,verificacion,0.3260
Secuencial,1,1,descifrado_direccion,0.2567
Secuencial,1,1,hmac_solicitud,0.1221
Secuencial,1,1,hmac_direccion,0.1564
Secuencial,1,1,hmac,0.1146
Secuencial,1,1,descifrado,0.3119
Secuencial,1,1,generacion_iv,0.2244
Secuencial,1,1,cifrado_simetrico,0.2700
Secuencial,1,2,firma,0.6512
Secuencial,1,2,verificacion_servidor,0.0620
Secuencial,1,2,cifrado_simetrico_servidor,0.2131
Secuencial,1,2,cifrado_asimetrico_servidor,0.1287
Secuencial,1,2,cifrado_asimetrico,0.1363
Secuencial,1,2,verificacion,0.1545
Secuencial,1,2,descifrado_direccion,0.1773
Secuencial,1,2,hmac_solicitud,0.0828
Secuencial,1,2,hmac_direccion,0.0609
Secuencial,1,2,hmac,0.0499
Secuencial,1,2,descifrado,0.1619
Secuencial,1,2,generacion_iv,0.1175
Secuencial,1,2,cifrado_simetrico,0.1458
Secuencial,1,3,firma,0.3474
Secuencial,1,3,verificacion_servidor,0.0766
Secuencial,1,3,cifrado_simetrico_servidor,0.2780
Secuencial,1,3,cifrado_asimetrico_servidor,0.1117
Secuencial,1,3,cifrado_asimetrico,0.2104
Secuencial,1,3,verificacion,0.1013
Secuencial,1,3,descifrado_direccion,0.1743
Secuencial,1,3,hmac_solicitud,0.0919
Secuencial,1,3,hmac_direccion,0.0667
Secuencial,1,3,hmac,0.0510
Secuencial,1,3,descifrado,0.1313
Secuencial,1,3,generacion_iv,0.1829
Secuencial,1,3,cifrado_simetrico,0.1394
Secuencial,1,4,firma,0.4429
Secuencial,1,4,verificacion_servidor,0.0701
Secuencial,1,4,cifrado_simetrico_servidor,0.1981
Secuencial,1,4,cifrado_asimetrico_servidor,0.0983
Secuencial,1,4,cifrado_asimetrico,0.0942
Secuencial,1,4,verificacion,0.1487
Secuencial,1,4,descifrado_direccion,0.1766
Secuencial,1,4,hmac_solicitud,0.0789
Secuencial,1,4,hmac_direccion,0.0464
Secuencial,1,4,hmac,0.0521
Secuencial,1,4,descifrado,0.1379
Secuencial,1,4,generacion_iv,0.0997
Secuencial,1,4,cifrado_simetrico,0.1272
Secuencial,1,5,firma,0.3061
Secuencial,1,5,verificacion_servidor,0.0565
Secuencial,1,5,cifrado_simetrico_servidor,0.1738
Secuencial,1,5,cifrado_asimetrico_servidor,0.0884
Secuencial,1,5,cifrado_asimetrico,0.1489
Secuencial,1,5,verificacion,0.1263
Secuencial,1,5,descifrado_direccion,0.1049
Secuencial,1,5,hmac_solicitud,0.0763
Secuencial,1,5,hmac_direccion,0.0371
Secuencial,1,5,hmac,0.0610
Secuencial,1,5,descifrado,0.1242
Secuencial,1,5,generacion_iv,0.0956
Secuencial,1,5,cifrado_simetrico,0.2376
Secuencial,1,6,firma,0.3732
Secuencial,1,6,verificacion_servidor,0.0598
Secuencial,1,6,cifrado_simetrico_servidor,0.1587
Secuencial,1,6,cifrado_asimetrico_servidor,0.0762
Secuencial,1,6,cifrado_asimetrico,0.0790
Secuencial,1,6,verificacion,0.0882
Secuencial,1,6,descifrado_direccion,0.1884
Secuencial,1,6,hmac_solicitud,0.0399
Secuencial,1,6,hmac_direccion,0.0366
Secuencial,1,6,hmac,0.0396
Secuencial,1,6,descifrado,0.1296
Secuencial,1,6,generacion_iv,0.0849
Secuencial,1,6,cifrado_simetrico,0.1151
Secuencial,1,7,firma,0.2956
Secuencial,1,7,verificacion_servidor,0.0700
Secuencial,1,7,cifrado_simetrico_servidor,0.1940
Secuencial,1,7,cifrado_asimetrico_servidor,0.1279
Secuencial,1,7,cifrado_asimetrico,0.1446
Secuencial,1,7,verificacion,0.1338
Secuencial,1,7,descifrado_direccion,0.1641
Secuencial,1,7,hmac_solicitud,0.0766
Secuencial,1,7,hmac_direccion,0.0406
Secuencial,1,7,hmac,0.0388
Secuencial,1,7,descifrado,0.1831
Secuencial,1,7,generacion_iv,0.1591
Secuencial,1,7,cifrado_simetrico,0.1801
Secuencial,1,8,firma,0.4512
Secuencial,1,8,verificacion_servidor,0.0777
Secuencial,1,8,cifrado_simetrico_servidor,0.2556
Secuencial,1,8,cifrado_asimetrico_servidor,0.1206
Secuencial,1,8,cifrado_asimetrico,0.1412
Secuencial,1,8,verificacion,0.1527
Secuencial,1,8,descifrado_direccion,0.2222
Secuencial,1,8,hmac_solicitud,0.0758
Secuencial,1,8,hmac_direccion,0.0635
Secuencial,1,8,hmac,0.0547
Secuencial,1,8,descifrado,0.2220
Secuencial,1,8,generacion_iv,0.1492
Secuencial,1,8,cifrado_simetrico,0.1887
Secuencial,1,9,firma,0.3567
Secuencial,1,9,verificacion_servidor,0.0541
Secuencial,1,9,cifrado_simetrico_servidor,0.2132
Secuencial,1,9,cifrado_asimetrico_servidor,0.1082
Secuencial,1,9,cifrado_asimetrico,0.1718
Secuencial,1,9,verificacion,0.1696
Secuencial,1,9,descifrado_direccion,0.1830
Secuencial,1,9,hmac_solicitud,0.0687
Secuencial,1,9,hmac_direccion,0.0424
Secuencial,1,9,hmac,0.0485
Secuencial,1,9,descifrado,0.2009
Secuencial,1,9,generacion_iv,0.1679
Secuencial,1,9,cifrado_simetrico,0.1517
Secuencial,1,10,firma,0.3156
Secuencial,1,10,verificacion_servidor,0.0467
Secuencial,1,10,cifrado_simetrico_servidor,0.1667
Secuencial,1,10,cifrado_asimetrico_servidor,0.0757
Secuencial,1,10,cifrado_asimetrico,0.0820
Secuencial,1,10,verificacion,0.0820
Secuencial,1,10,descifrado_direccion,0.1344
Secuencial,1,10,hmac_solicitud,0.0352
Secuencial,1,10,hmac_direccion,0.0366
Secuencial,1,10,hmac,0.0341
Secuencial,1,10,descifrado,0.1084
Secuencial,1,10,generacion_iv,0.1195
Secuencial,1,10,cifrado_simetrico,0.0985
Secuencial,1,11,firma,0.2848
Secuencial,1,11,verificacion_servidor,0.0381
Secuencial,1,11,cifrado_simetrico_servidor,0.1654
Secuencial,1,11,cifrado_asimetrico_servidor,0.0670
Secuencial,1,11,cifrado_asimetrico,0.0754
Secuencial,1,11,verificacion,0.0697
Secuencial,1,11,descifrado_direccion,0.1165
Secuencial,1,11,hmac_solicitud,0.0386
Secuencial,1,11,hmac_direccion,0.0322
Secuencial,1,11,hmac,0.0315
Secuencial,1,11,descifrado,0.1015
Secuencial,1,11,generacion_iv,0.0713
Secuencial,1,11,cifrado_simetrico,0.0944
Secuencial,1,12,firma,0.2840
Secuencial,1,12,verificacion_servidor,0.0348
Secuencial,1,12,cifrado_simetrico_servidor,0.1848
Secuencial,1,12,cifrado_asimetrico_servidor,0.0665
Secuencial,1,12,cifrado_asimetrico,0.0718
Secuencial,1,12,verificacion,0.1230
Secuencial,1,12,descifrado_direccion,0.1083
Secuencial,1,12,hmac_solicitud,0.0359
Secuencial,1,12,hmac_direccion,0.0305
Secuencial,1,12,hmac,0.3737
Secuencial,1,12,descifrado,0.1196
Secuencial,1,12,generacion_iv,0.0977
Secuencial,1,12,cifrado_simetrico,0.1053
Secuencial,1,13,firma,0.2947
Secuencial,1,13,verificacion_servidor,0.0502
Secuencial,1,13,cifrado_simetrico_servidor,0.1426
Secuencial,1,13,cifrado_asimetrico_servidor,0.0655
Secuencial,1,13,cifrado_asimetrico,0.0708
Secuencial,1,13,verificacion,0.0775
Secuencial,1,13,descifrado_direccion,0.1025
Secuencial,1,13,hmac_solicitud,0.0352
Secuencial,1,13,hmac_direccion,0.0296
Secuencial,1,13,hmac,0.0311
Secuencial,1,13,descifrado,0.1004
Secuencial,1,13,generacion_iv,0.1165
Secuencial,1,13,cifrado_simetrico,0.0893
Secuencial,1,14,firma,0.3789
Secuencial,1,14,verificacion_servidor,0.0375
Secuencial,1,14,cifrado_simetrico_servidor,0.1393
Secuencial,1,14,cifrado_asimetrico_servidor,0.0703
Secuencial,1,14,cifrado_asimetrico,0.0857
Secuencial,1,14,verificacion,0.1301
Secuencial,1,14,descifrado_direccion,0.1156
Secuencial,1,14,hmac_solicitud,0.0426
Secuencial,1,14,hmac_direccion,0.0356
Secuencial,1,14,hmac,0.0344
Secuencial,1,14,descifrado,0.1915
Secuencial,1,14,generacion_iv,0.0974
Secuencial,1,14,cifrado_simetrico,0.1532
Secuencial,1,15,firma,0.2985
Secuencial,1,15,verificacion_servidor,0.0404
Secuencial,1,15,cifrado_simetrico_servidor,0.1578
Secuencial,1,15,cifrado_asimetrico_servidor,0.0703
Secuencial,1,15,cifrado_asimetrico,0.0746
Secuencial,1,15,verificacion,0.1101
Secuencial,1,15,descifrado_direccion,0.1187
Secuencial,1,15,hmac_solicitud,0.0381
Secuencial,1,15,hmac_direccion,0.0291
Secuencial,1,15,hmac,0.0340
Secuencial,1,15,descifrado,0.0905
Secuencial,1,15,generacion_iv,0.0872
Secuencial,1,15,cifrado_simetrico,0.1190
Secuencial,1,16,firma,0.2937
Secuencial,1,16,verificacion_servidor,0.0548
Secuencial,1,16,cifrado_simetrico_servidor,0.1400
Secuencial,1,16,cifrado_asimetrico_servidor,0.0853
Secuencial,1,16,cifrado_asimetrico,0.1030
Secuencial,1,16,verificacion,0.1208
Secuencial,1,16,descifrado_direccion,0.1756
Secuencial,1,16,hmac_solicitud,0.0616
Secuencial,1,16,hmac_direccion,0.0458
Secuencial,1,16,hmac,0.0311
Secuencial,1,16,descifrado,0.0980
Secuencial,1,16,generacion_iv,0.1145
Secuencial,1,16,cifrado_simetrico,0.1321
Secuencial,1,17,firma,0.3176
Secuencial,1,17,verificacion_servidor,0.0368
Secuencial,1,17,cifrado_simetrico_servidor,0.1660
Secuencial,1,17,cifrado_asimetrico_servidor,0.0724
Secuencial,1,17,cifrado_asimetrico,0.0935
Secuencial,1,17,verificacion,0.0846
Secuencial,1,17,descifrado_direccion,0.0986
Secuencial,1,17,hmac_solicitud,0.0359
Secuencial,1,17,hmac_direccion,0.0321
Secuencial,1,17,hmac,0.0309
Secuencial,1,17,descifrado,0.1195
Secuencial,1,17,generacion_iv,0.1427
Secuencial,1,17,cifrado_simetrico,0.1140
Secuencial,1,18,firma,0.2961
Secuencial,1,18,verificacion_servidor,0.0460
Secuencial,1,18,cifrado_simetrico_servidor,0.1342
Secuencial,1,18,cifrado_asimetrico_servidor,0.0766
Secuencial,1,18,cifrado_asimetrico,0.0803
Secuencial,1,18,verificacion,0.0699
Secuencial,1,18,descifrado_direccion,0.0848
Secuencial,1,18,hmac_solicitud,0.0416
Secuencial,1,18,hmac_direccion,0.0345
Secuencial,1,18,hmac,0.0317
Secuencial,1,18,descifrado,0.1087
Secuencial,1,18,generacion_iv,0.1009
Secuencial,1,18,cifrado_simetrico,0.0884
Secuencial,1,19,firma,0.5192
Secuencial,1,19,verificacion_servidor,0.0895
Secuencial,1,19,cifrado_simetrico_servidor,0.1929
Secuencial,1,19,cifrado_asimetrico_servidor,0.1021
Secuencial,1,19,cifrado_asimetrico,0.1317
Secuencial,1,19,verificacion,0.1407
Secuencial,1,19,descifrado_direccion,0.1318
Secuencial,1,19,hmac_solicitud,0.0649
Secuencial,1,19,hmac_direccion,0.0517
Secuencial,1,19,hmac,0.0446
Secuencial,1,19,descifrado,0.1305
Secuencial,1,19,generacion_iv,0.1420
Secuencial,1,19,cifrado_simetrico,0.1275
Secuencial,1,20,firma,0.3406
Secuencial,1,20,verificacion_servidor,0.0431
Secuencial,1,20,cifrado_simetrico_servidor,0.1530
Secuencial,1,20,cifrado_asimetrico_servidor,0.0920
Secuencial,1,20,cifrado_asimetrico,0.0862
Secuencial,1,20,verificacion,0.1045
Secuencial,1,20,descifrado_direccion,0.1002
Secuencial,1,20,hmac_solicitud,0.0620
Secuencial,1,20,hmac_direccion,0.0347
Secuencial,1,20,hmac,0.0357
Secuencial,1,20,descifrado,0.0954
Secuencial,1,20,generacion_iv,0.0948
Secuencial,1,20,cifrado_simetrico,0.0849
Secuencial,1,21,firma,0.3270
Secuencial,1,21,verificacion_servidor,0.0283
Secuencial,1,21,cifrado_simetrico_servidor,0.1558
Secuencial,1,21,cifrado_asimetrico_servidor,0.0768
Secuencial,1,21,cifrado_asimetrico,0.0749
Secuencial,1,21,verificacion,0.0941
Secuencial,1,21,descifrado_direccion,0.1294
Secuencial,1,21,hmac_solicitud,0.0352
Secuencial,1,21,hmac_direccion,0.0291
Secuencial,1,21,hmac,0.0329
Secuencial,1,21,descifrado,0.0864
Secuencial,1,21,generacion_iv,0.0852
Secuencial,1,21,cifrado_simetrico,0.0817
Secuencial,1,22,firma,0.4918
Secuencial,1,22,verificacion_servidor,0.0384
Secuencial,1,22,cifrado_simetrico_servidor,0.1419
Secuencial,1,22,cifrado_asimetrico_servidor,0.1031
Secuencial,1,22,cifrado_asimetrico,0.0751
Secuencial,1,22,verificacion,0.0823
Secuencial,1,22,descifrado_direccion,0.0830
Secuencial,1,22,hmac_solicitud,0.0432
Secuencial,1,22,hmac_direccion,0.0316
Secuencial,1,22,hmac,0.3671
Secuencial,1,22,descifrado,0.1186
Secuencial,1,22,generacion_iv,0.0817
Secuencial,1,22,cifrado_simetrico,0.0914
Secuencial,1,23,firma,0.2757
Secuencial,1,23,verificacion_servidor,0.0549
Secuencial,1,23,cifrado_simetrico_servidor,0.1252
Secuencial,1,23,cifrado_asimetrico_servidor,0.0743
Secuencial,1,23,cifrado_asimetrico,0.0798
Secuencial,1,23,verificacion,0.0849
Secuencial,1,23,descifrado_direccion,0.0971
Secuencial,1,23,hmac_solicitud,0.0585
Secuencial,1,23,hmac_direccion,0.0405
Secuencial,1,23,hmac,0.0280
Secuencial,1,23,descifrado,0.0880
Secuencial,1,23,generacion_iv,0.1281
Secuencial,1,23,cifrado_simetrico,0.1003
Secuencial,1,24,firma,0.3114
Secuencial,1,24,verificacion_servidor,0.0307
Secuencial,1,24,cifrado_simetrico_servidor,0.1686
Secuencial,1,24,cifrado_asimetrico_servidor,0.0948
Secuencial,1,24,cifrado_asimetrico,0.0928
Secuencial,1,24,verificacion,0.0804
Secuencial,1,24,descifrado_direccion,0.1362
Secuencial,1,24,hmac_solicitud,0.0358
Secuencial,1,24,hmac_direccion,0.0350
Secuencial,1,24,hmac,0.0631
Secuencial,1,24,descifrado,0.0841
Secuencial,1,24,generacion_iv,0.0871
Secuencial,1,24,cifrado_simetrico,0.0768
Secuencial,1,25,firma,0.2981
Secuencial,1,25,verificacion_servidor,0.0396
Secuencial,1,25,cifrado_simetrico_servidor,0.1846
Secuencial,1,25,cifrado_asimetrico_servidor,0.1074
Secuencial,1,25,cifrado_asimetrico,0.0954
Secuencial,1,25,verificacion,0.0941
Secuencial,1,25,descifrado_direccion,0.1042
Secuencial,1,25,hmac_solicitud,0.0344
Secuencial,1,25,hmac_direccion,0.0308
Secuencial,1,25,hmac,0.0443
Secuencial,1,25,descifrado,0.1077
Secuencial,1,25,generacion_iv,0.0927
Secuencial,1,25,cifrado_simetrico,0.0878
Secuencial,1,26,firma,0.3039
Secuencial,1,26,verificacion_servidor,0.0302
Secuencial,1,26,cifrado_simetrico_servidor,0.1174
Secuencial,1,26,cifrado_asimetrico_servidor,0.0617
Secuencial,1,26,cifrado_asimetrico,0.0794
Secuencial,1,26,verificacion,0.0791
Secuencial,1,26,descifrado_direccion,0.0719
Secuencial,1,26,hmac_solicitud,0.0381
Secuencial,1,26,hmac_direccion,0.0420
Secuencial,1,26,hmac,0.0365
Secuencial,1,26,descifrado,0.0954
Secuencial,1,26,generacion_iv,0.1196
Secuencial,1,26,cifrado_simetrico,0.0740
Secuencial,1,27,firma,0.3008
Secuencial,1,27,verificacion_servidor,0.0287
Secuencial,1,27,cifrado_simetrico_servidor,0.1043
Secuencial,1,27,cifrado_asimetrico_servidor,0.0720
Secuencial,1,27,cifrado_asimetrico,0.0795
Secuencial,1,27,verificacion,0.0706
Secuencial,1,27,descifrado_direccion,0.0795
Secuencial,1,27,hmac_solicitud,0.0378
Secuencial,1,27,hmac_direccion,0.0256
Secuencial,1,27,hmac,0.0247
Secuencial,1,27,descifrado,0.0732
Secuencial,1,27,generacion_iv,0.0843
Secuencial,1,27,cifrado_simetrico,0.0697
Secuencial,1,28,firma,0.2994
Secuencial,1,28,verificacion_servidor,0.0268
Secuencial,1,28,cifrado_simetrico_servidor,0.1139
Secuencial,1,28,cifrado_asimetrico_servidor,0.0655
Secuencial,1,28,cifrado_asimetrico,0.0696
Secuencial,1,28,verificacion,0.0728
Secuencial,1,28,descifrado_direccion,0.0751
Secuencial,1,28,hmac_solicitud,0.0316
Secuencial,1,28,hmac_direccion,0.0275
Secuencial,1,28,hmac,0.0256
Secuencial,1,28,descifrado,0.0724
Secuencial,1,28,generacion_iv,0.0850
Secuencial,1,28,cifrado_simetrico,0.0690
Secuencial,1,29,firma,0.5033
Secuencial,1,29,verificacion_servidor,0.0532
Secuencial,1,29,cifrado_simetrico_servidor,0.1983
Secuencial,1,29,cifrado_asimetrico_servidor,0.0964
Secuencial,1,29,cifrado_asimetrico,0.1421
Secuencial,1,29,verificacion,0.1502
Secuencial,1,29,descifrado_direccion,0.1467
Secuencial,1,29,hmac_solicitud,0.0748
Secuencial,1,29,hmac_direccion,0.0428
Secuencial,1,29,hmac,0.0434
Secuencial,1,29,descifrado,0.1568
Secuencial,1,29,generacion_iv,0.1507
Secuencial,1,29,cifrado_simetrico,0.1454
Secuencial,1,30,firma,0.3669
Secuencial,1,30,verificacion_servidor,0.0576
Secuencial,1,30,cifrado_simetrico_servidor,0.2220
Secuencial,1,30,cifrado_asimetrico_servidor,0.1155
Secuencial,1,30,cifrado_asimetrico,0.1235
Secuencial,1,30,verificacion,0.1046
Secuencial,1,30,descifrado_direccion,0.1299
Secuencial,1,30,hmac_solicitud,0.0674
Secuencial,1,30,hmac_direccion,0.0403
Secuencial,1,30,hmac,0.0424
Secuencial,1,30,descifrado,0.1151
Secuencial,1,30,generacion_iv,0.1534
Secuencial,1,30,cifrado_simetrico,0.1299
Secuencial,1,31,firma,0.2742
Secuencial,1,31,verificacion_servidor,0.0231
Secuencial,1,31,cifrado_simetrico_servidor,0.1017
Secuencial,1,31,cifrado_asimetrico_servidor,0.0526
Secuencial,1,31,cifrado_asimetrico,0.0730
Secuencial,1,31,verificacion,0.0976
Secuencial,1,31,descifrado_direccion,0.0722
Secuencial,1,31,hmac_solicitud,0.0289
Secuencial,1,31,hmac_direccion,0.0227
Secuencial,1,31,hmac,0.0256
Secuencial,1,31,descifrado,0.0732
Secuencial,1,31,generacion_iv,0.0701
Secuencial,1,31,cifrado_simetrico,0.0608
Secuencial,1,32,firma,0.2641
Secuencial,1,32,verificacion_servidor,0.0322
Secuencial,1,32,cifrado_simetrico_servidor,0.0985
Secuencial,1,32,cifrado_asimetrico_servidor,0.3389
Secuencial,1,32,cifrado_asimetrico,0.0603
Secuencial,1,32,verificacion,0.0657
Secuencial,1,32,descifrado_direccion,0.0874
Secuencial,1,32,hmac_solicitud,0.0258
Secuencial,1,32,hmac_direccion,0.0331
Secuencial,1,32,hmac,0.0202
Secuencial,1,32,descifrado,0.0655
Secuencial,1,32,generacion_iv,0.0692
Secuencial,1,32,cifrado_simetrico,0.0574
Concurrente,4,3,firma,0.3168
Concurrente,4,2,firma,0.2862
Concurrente,4,3,verificacion_servidor,0.0227
Concurrente,4,2,verificacion_servidor,0.0224
Concurrente,4,3,cifrado_simetrico_servidor,0.1228
Concurrente,4,2,cifrado_simetrico_servidor,0.0970
Concurrente,4,3,cifrado_asimetrico_servidor,0.0811
Concurrente,4,2,cifrado_asimetrico_servidor,0.0777
Concurrente,4,3,cifrado_asimetrico,0.1407
Concurrente,4,3,verificacion,0.0842
Concurrente,4,3,descifrado_direccion,0.0634
Concurrente,4,3,hmac_solicitud,0.0490
Concurrente,4,3,hmac_direccion,0.0234
Concurrente,4,3,hmac,0.0251
Concurrente,4,3,descifrado,0.0838
Concurrente,4,3,generacion_iv,0.1041
Concurrente,4,3,cifrado_simetrico,0.0845
Concurrente,4,1,cifrado_asimetrico,0.1003
Concurrente,4,1,verificacion,0.1021
Concurrente,4,1,descifrado_direccion,0.0655
Concurrente,4,1,hmac_solicitud,0.0327
Concurrente,4,1,hmac_direccion,0.0260
Concurrente,4,1,hmac,0.0211
Concurrente,4,1,descifrado,0.0713
Concurrente,4,1,generacion_iv,0.1033
Concurrente,4,1,cifrado_simetrico,0.0823
Concurrente,4,4,firma,0.4421
Concurrente,4,4,verificacion_servidor,0.0489
Concurrente,4,4,cifrado_simetrico_servidor,0.1945
Concurrente,4,4,cifrado_asimetrico_servidor,0.1246
Concurrente,4,4,cifrado_asimetrico,0.1026
Concurrente,4,4,verificacion,0.1191
Concurrente,4,4,descifrado_direccion,0.1141
Concurrente,4,4,hmac_solicitud,0.0729
Concurrente,4,4,hmac_direccion,0.0413
Concurrente,4,4,hmac,0.0229
Concurrente,4,4,descifrado,0.1230
Concurrente,4,4,generacion_iv,0.1544
Concurrente,4,4,cifrado_simetrico,0.0825
Concurrente,4,1,firma,0.2702
Concurrente,4,1,verificacion_servidor,0.0213
Concurrente,4,1,cifrado_simetrico_servidor,0.0898
Concurrente,4,1,cifrado_asimetrico_servidor,0.0562
Concurrente,4,2,cifrado_asimetrico,0.0525
Concurrente,4,2,verificacion,0.0563
Concurrente,4,2,descifrado_direccion,0.0583
Concurrente,4,2,hmac_solicitud,0.0213
Concurrente,4,2,hmac_direccion,0.0195
Concurrente,4,2,hmac,0.0204
Concurrente,4,2,descifrado,0.0626
Concurrente,4,2,generacion_iv,0.0703
Concurrente,4,2,cifrado_simetrico,0.0472
Concurrente,16,11,firma,0.5533
Concurrente,16,11,verificacion_servidor,0.0312
Concurrente,16,11,cifrado_simetrico_servidor,0.1797
Concurrente,16,11,cifrado_asimetrico_servidor,0.0642
Concurrente,16,8,cifrado_asimetrico,0.0694
Concurrente,16,8,verificacion,0.0903
Concurrente,16,8,descifrado_direccion,0.0915
Concurrente,16,8,hmac_solicitud,0.0314
Concurrente,16,8,hmac_direccion,0.0363
Concurrente,16,8,hmac,0.0223
Concurrente,16,8,descifrado,0.0835
Concurrente,16,8,generacion_iv,0.0972
Concurrente,16,8,cifrado_simetrico,0.0652
Concurrente,16,7,firma,0.4414
Concurrente,16,7,verificacion_servidor,0.0300
Concurrente,16,7,cifrado_simetrico_servidor,0.1402
Concurrente,16,7,cifrado_asimetrico_servidor,0.0870
Concurrente,16,7,cifrado_asimetrico,0.0743
Concurrente,16,7,verificacion,0.0969
Concurrente,16,7,descifrado_direccion,0.0762
Concurrente,16,7,hmac_solicitud,0.0305
Concurrente,16,7,hmac_direccion,0.0247
Concurrente,16,7,hmac,0.0363
Concurrente,16,7,descifrado,0.1049
Concurrente,16,7,generacion_iv,0.1033
Concurrente,16,7,cifrado_simetrico,0.1194
Concurrente,16,13,firma,0.4702
Concurrente,16,13,verificacion_servidor,0.0298
Concurrente,16,13,cifrado_simetrico_servidor,0.1354
Concurrente,16,13,cifrado_asimetrico_servidor,0.0814
Concurrente,16,9,cifrado_asimetrico,0.0720
Concurrente,16,9,verificacion,0.0821
Concurrente,16,9,descifrado_direccion,0.0997
Concurrente,16,9,hmac_solicitud,0.0286
Concurrente,16,9,hmac_direccion,0.0262
Concurrente,16,9,hmac,0.0373
Concurrente,16,9,descifrado,0.2792
Concurrente,16,9,generacion_iv,0.1330
Concurrente,16,9,cifrado_simetrico,0.1098
Concurrente,16,1,firma,0.5496
Concurrente,16,1,verificacion_servidor,0.0256
Concurrente,16,1,cifrado_simetrico_servidor,0.1530
Concurrente,16,1,cifrado_asimetrico_servidor,0.0698
Concurrente,16,1,cifrado_asimetrico,0.1012
Concurrente,16,1,verificacion,0.0969
Concurrente,16,1,descifrado_direccion,0.1000
Concurrente,16,1,hmac_solicitud,0.0547
Concurrente,16,1,hmac_direccion,0.0317
Concurrente,16,1,hmac,0.0269
Concurrente,16,1,descifrado,0.1294
Concurrente,16,1,generacion_iv,0.0826
Concurrente,16,1,cifrado_simetrico,0.0612
Concurrente,16,15,firma,0.5186
Concurrente,16,15,verificacion_servidor,0.0497
Concurrente,16,15,cifrado_simetrico_servidor,0.1647
Concurrente,16,15,cifrado_asimetrico_servidor,0.0940
Concurrente,16,16,cifrado_asimetrico,0.0820
Concurrente,16,16,verificacion,0.0981
Concurrente,16,16,descifrado_direccion,0.0741
Concurrente,16,16,hmac_solicitud,0.0341
Concurrente,16,16,hmac_direccion,0.0243
Concurrente,16,16,hmac,0.0317
Concurrente,16,16,descifrado,0.1555
Concurrente,16,16,generacion_iv,0.1064
Concurrente,16,16,cifrado_simetrico,0.1185
Concurrente,16,12,firma,0.5606
Concurrente,16,12,verificacion_servidor,0.0651
Concurrente,16,12,cifrado_simetrico_servidor,0.7095
Concurrente,16,12,cifrado_asimetrico_servidor,0.0749
Concurrente,16,14,cifrado_asimetrico,0.0855
Concurrente,16,14,verificacion,0.0858
Concurrente,16,14,descifrado_direccion,0.1319
Concurrente,16,14,hmac_solicitud,0.0356
Concurrente,16,14,hmac_direccion,0.0343
Concurrente,16,14,hmac,0.0372
Concurrente,16,14,descifrado,0.1196
Concurrente,16,14,generacion_iv,0.1481
Concurrente,16,14,cifrado_simetrico,0.0849
Concurrente,16,4,firma,0.5783
Concurrente,16,4,verificacion_servidor,0.0448
Concurrente,16,4,cifrado_simetrico_servidor,0.1529
Concurrente,16,4,cifrado_asimetrico_servidor,0.0797
Concurrente,16,6,cifrado_asimetrico,0.0856
Concurrente,16,6,verificacion,0.0953
Concurrente,16,6,descifrado_direccion,0.0896
Concurrente,16,6,hmac_solicitud,0.0334
Concurrente,16,6,hmac_direccion,0.0361
Concurrente,16,6,hmac,0.0262
Concurrente,16,6,descifrado,0.1088
Concurrente,16,6,generacion_iv,0.1127
Concurrente,16,6,cifrado_simetrico,0.0991
Concurrente,16,10,firma,0.6337
Concurrente,16,10,verificacion_servidor,0.0328
Concurrente,16,10,cifrado_simetrico_servidor,0.1611
Concurrente,16,10,cifrado_asimetrico_servidor,0.0784
Concurrente,16,15,cifrado_asimetrico,0.0778
Concurrente,16,15,verificacion,0.0842
Concurrente,16,15,descifrado_direccion,0.0863
Concurrente,16,15,hmac_solicitud,0.0334
Concurrente,16,15,hmac_direccion,0.0296
Concurrente,16,15,hmac,0.0355
Concurrente,16,15,descifrado,0.0945
Concurrente,16,15,generacion_iv,0.1071
Concurrente,16,15,cifrado_simetrico,0.0694
Concurrente,16,6,firma,1.4257
Concurrente,16,6,verificacion_servidor,0.0304
Concurrente,16,6,cifrado_simetrico_servidor,0.1395
Concurrente,16,6,cifrado_asimetrico_servidor,0.0686
Concurrente,16,5,cifrado_asimetrico,0.0808
Concurrente,16,5,verificacion,0.0881
Concurrente,16,5,descifrado_direccion,0.0740
Concurrente,16,5,hmac_solicitud,0.0352
Concurrente,16,5,hmac_direccion,0.0227
Concurrente,16,5,hmac,0.0304
Concurrente,16,5,descifrado,0.0853
Concurrente,16,5,generacion_iv,0.0976
Concurrente,16,5,cifrado_simetrico,0.0762
Concurrente,16,5,firma,0.5773
Concurrente,16,5,verificacion_servidor,0.0365
Concurrente,16,5,cifrado_simetrico_servidor,0.1668
Concurrente,16,5,cifrado_asimetrico_servidor,0.0794
Concurrente,16,4,cifrado_asimetrico,0.0890
Concurrente,16,4,verificacion,0.0872
Concurrente,16,4,descifrado_direccion,0.0680
Concurrente,16,4,hmac_solicitud,0.0372
Concurrente,16,4,hmac_direccion,0.0256
Concurrente,16,4,hmac,0.0305
Concurrente,16,4,descifrado,0.0819
Concurrente,16,4,generacion_iv,0.1323
Concurrente,16,4,cifrado_simetrico,0.0936
Concurrente,16,16,firma,0.4918
Concurrente,16,16,verificacion_servidor,0.0463
Concurrente,16,16,cifrado_simetrico_servidor,0.2847
Concurrente,16,16,cifrado_asimetrico_servidor,0.0770
Concurrente,16,13,cifrado_asimetrico,0.0926
Concurrente,16,13,verificacion,0.0931
Concurrente,16,13,descifrado_direccion,0.0874
Concurrente,16,13,hmac_solicitud,0.0424
Concurrente,16,13,hmac_direccion,0.0283
Concurrente,16,13,hmac,0.0315
Concurrente,16,13,descifrado,0.0928
Concurrente,16,13,generacion_iv,0.1156
Concurrente,16,13,cifrado_simetrico,0.1024
Concurrente,16,9,firma,0.4743
Concurrente,16,9,verificacion_servidor,0.0432
Concurrente,16,9,cifrado_simetrico_servidor,0.1929
Concurrente,16,9,cifrado_asimetrico_servidor,0.1017
Concurrente,16,11,cifrado_asimetrico,0.0899
Concurrente,16,11,verificacion,0.1170
Concurrente,16,11,descifrado_direccion,0.1271
Concurrente,16,11,hmac_solicitud,0.0405
Concurrente,16,11,hmac_direccion,0.0375
Concurrente,16,11,hmac,0.0306
Concurrente,16,11,descifrado,0.1250
Concurrente,16,11,generacion_iv,0.1283
Concurrente,16,11,cifrado_simetrico,0.0943
Concurrente,16,8,firma,0.4080
Concurrente,16,8,verificacion_servidor,0.0387
Concurrente,16,8,cifrado_simetrico_servidor,0.1537
Concurrente,16,8,cifrado_asimetrico_servidor,0.0668
Concurrente,16,3,cifrado_asimetrico,0.1314
Concurrente,16,3,verificacion,0.1396
Concurrente,16,3,descifrado_direccion,0.0981
Concurrente,16,3,hmac_solicitud,0.0373
Concurrente,16,3,hmac_direccion,0.0313
Concurrente,16,3,hmac,0.0363
Concurrente,16,3,descifrado,0.2115
Concurrente,16,3,generacion_iv,0.1183
Concurrente,16,3,cifrado_simetrico,0.1091
Concurrente,16,2,firma,0.3114
Concurrente,16,3,firma,0.3790
Concurrente,16,2,verificacion_servidor,0.0262
Concurrente,16,2,cifrado_simetrico_servidor,0.1670
Concurrente,16,2,cifrado_asimetrico_servidor,0.1029
Concurrente,16,2,cifrado_asimetrico,0.0945
Concurrente,16,2,verificacion,0.0954
Concurrente,16,2,descifrado_direccion,0.0668
Concurrente,16,2,hmac_solicitud,0.0322
Concurrente,16,2,hmac_direccion,0.0237
Concurrente,16,2,hmac,0.0323
Concurrente,16,2,descifrado,0.1027
Concurrente,16,2,generacion_iv,0.1320
Concurrente,16,2,cifrado_simetrico,0.0808
Concurrente,16,3,verificacion_servidor,0.0792
Concurrente,16,3,cifrado_simetrico_servidor,0.1338
Concurrente,16,3,cifrado_asimetrico_servidor,0.0714
Concurrente,16,12,cifrado_asimetrico,0.0982
Concurrente,16,12,verificacion,0.0802
Concurrente,16,12,descifrado_direccion,0.0913
Concurrente,16,12,hmac_solicitud,0.0406
Concurrente,16,12,hmac_direccion,0.0239
Concurrente,16,12,hmac,0.0293
Concurrente,16,12,descifrado,0.0560
Concurrente,16,12,generacion_iv,0.0997
Concurrente,16,12,cifrado_simetrico,0.0752
Concurrente,16,14,firma,0.2649
Concurrente,16,14,verificacion_servidor,0.0222
Concurrente,16,14,cifrado_simetrico_servidor,0.1046
Concurrente,16,14,cifrado_asimetrico_servidor,0.0563
Concurrente,16,10,cifrado_asimetrico,0.0923
Concurrente,16,10,verificacion,0.0606
Concurrente,16,10,descifrado_direccion,0.0819
Concurrente,16,10,hmac_solicitud,0.0440
Concurrente,16,10,hmac_direccion,0.0198
Concurrente,16,10,hmac,0.0363
Concurrente,16,10,descifrado,0.0842
Concurrente,16,10,generacion_iv,0.0951
Concurrente,16,10,cifrado_simetrico,0.0912
Concurrente,32,4,firma,0.4228
Concurrente,32,4,verificacion_servidor,0.0473
Concurrente,32,4,cifrado_simetrico_servidor,0.1363
Concurrente,32,4,cifrado_asimetrico_servidor,0.0940
Concurrente,32,7,cifrado_asimetrico,0.0763
Concurrente,32,7,verificacion,0.0950
Concurrente,32,7,descifrado_direccion,0.0591
Concurrente,32,7,hmac_solicitud,0.0320
Concurrente,32,7,hmac_direccion,0.0349
Concurrente,32,7,hmac,0.0270
Concurrente,32,7,descifrado,0.0695
Concurrente,32,7,generacion_iv,0.0898
Concurrente,32,7,cifrado_simetrico,0.1014
Concurrente,32,17,firma,0.5138
Concurrente,32,17,verificacion_servidor,0.0250
Concurrente,32,17,cifrado_simetrico_servidor,0.1432
Concurrente,32,17,cifrado_asimetrico_servidor,0.0708
Concurrente,32,22,cifrado_asimetrico,0.0997
Concurrente,32,22,verificacion,0.0917
Concurrente,32,22,descifrado_direccion,0.0945
Concurrente,32,22,hmac_solicitud,0.0542
Concurrente,32,22,hmac_direccion,0.0278
Concurrente,32,22,hmac,0.0243
Concurrente,32,22,descifrado,0.1222
Concurrente,32,22,generacion_iv,0.0975
Concurrente,32,22,cifrado_simetrico,0.1073
Concurrente,32,30,firma,0.4737
Concurrente,32,30,verificacion_servidor,0.0235
Concurrente,32,30,cifrado_simetrico_servidor,0.1893
Concurrente,32,30,cifrado_asimetrico_servidor,0.0814
Concurrente,32,31,cifrado_asimetrico,0.0848
Concurrente,32,31,verificacion,0.0678
Concurrente,32,31,descifrado_direccion,0.0537
Concurrente,32,31,hmac_solicitud,0.0247
Concurrente,32,31,hmac_direccion,0.0319
Concurrente,32,31,hmac,0.0293
Concurrente,32,31,descifrado,0.0748
Concurrente,32,31,generacion_iv,0.0927
Concurrente,32,31,cifrado_simetrico,0.0668
Concurrente,32,2,firma,0.5977
Concurrente,32,2,verificacion_servidor,0.0445
Concurrente,32,2,cifrado_simetrico_servidor,0.1451
Concurrente,32,2,cifrado_asimetrico_servidor,0.0758
Concurrente,32,2,cifrado_asimetrico,0.0667
Concurrente,32,2,verificacion,0.0606
Concurrente,32,2,descifrado_direccion,0.0471
Concurrente,32,2,hmac_solicitud,0.0254
Concurrente,32,2,hmac_direccion,0.0272
Concurrente,32,2,hmac,0.0271
Concurrente,32,2,descifrado,0.0464
Concurrente,32,2,generacion_iv,0.0828
Concurrente,32,2,cifrado_simetrico,0.0533
Concurrente,32,3,firma,0.4825
Concurrente,32,3,verificacion_servidor,0.0305
Concurrente,32,3,cifrado_simetrico_servidor,0.1259
Concurrente,32,3,cifrado_asimetrico_servidor,0.0624
Concurrente,32,9,cifrado_asimetrico,0.0638
Concurrente,32,9,verificacion,0.0831
Concurrente,32,9,descifrado_direccion,0.0844
Concurrente,32,9,hmac_solicitud,0.0371
Concurrente,32,9,hmac_direccion,0.0208
Concurrente,32,9,hmac,0.0210
Concurrente,32,9,descifrado,0.0547
Concurrente,32,9,generacion_iv,0.1139
Concurrente,32,9,cifrado_simetrico,0.0542
Concurrente,32,26,firma,0.5411
Concurrente,32,26,verificacion_servidor,0.0263
Concurrente,32,26,cifrado_simetrico_servidor,0.1199
Concurrente,32,26,cifrado_asimetrico_servidor,0.0855
Concurrente,32,25,cifrado_asimetrico,0.0797
Concurrente,32,25,verificacion,0.0602
Concurrente,32,25,descifrado_direccion,0.0640
Concurrente,32,25,hmac_solicitud,0.0431
Concurrente,32,25,hmac_direccion,0.0241
Concurrente,32,25,hmac,0.0206
Concurrente,32,25,descifrado,0.0804
Concurrente,32,25,generacion_iv,0.0766
Concurrente,32,25,cifrado_simetrico,0.0566
Concurrente,32,8,firma,0.4633
Concurrente,32,8,verificacion_servidor,0.0241
Concurrente,32,8,cifrado_simetrico_servidor,0.0970
Concurrente,32,8,cifrado_asimetrico_servidor,0.0816
Concurrente,32,20,cifrado_asimetrico,0.0940
Concurrente,32,20,verificacion,0.0973
Concurrente,32,20,descifrado_direccion,0.0573
Concurrente,32,20,hmac_solicitud,0.0233
Concurrente,32,20,hmac_direccion,0.0688
Concurrente,32,20,hmac,0.0263
Concurrente,32,20,descifrado,0.0726
Concurrente,32,20,generacion_iv,0.0881
Concurrente,32,20,cifrado_simetrico,0.0720
Concurrente,32,29,firma,0.4589
Concurrente,32,29,verificacion_servidor,0.0298
Concurrente,32,29,cifrado_simetrico_servidor,0.1364
Concurrente,32,29,cifrado_asimetrico_servidor,0.0681
Concurrente,32,29,cifrado_asimetrico,0.0761
Concurrente,32,29,verificacion,0.0772
Concurrente,32,29,descifrado_direccion,0.0504
Concurrente,32,29,hmac_solicitud,0.0293
Concurrente,32,29,hmac_direccion,0.0262
Concurrente,32,29,hmac,0.0329
Concurrente,32,29,descifrado,0.0695
Concurrente,32,29,generacion_iv,0.1080
Concurrente,32,29,cifrado_simetrico,0.0644
Concurrente,32,24,firma,0.5914
Concurrente,32,24,verificacion_servidor,0.0298
Concurrente,32,24,cifrado_simetrico_servidor,0.1194
Concurrente,32,24,cifrado_asimetrico_servidor,0.0736
Concurrente,32,25,firma,0.4467
Concurrente,32,10,firma,0.4017
Concurrente,32,13,cifrado_asimetrico,0.0680
Concurrente,32,13,verificacion,0.0726
Concurrente,32,13,descifrado_direccion,0.0476
Concurrente,32,13,hmac_solicitud,0.0288
Concurrente,32,13,hmac_direccion,0.0189
Concurrente,32,13,hmac,0.0224
Concurrente,32,13,descifrado,0.0608
Concurrente,32,13,generacion_iv,0.0875
Concurrente,32,13,cifrado_simetrico,0.0515
Concurrente,32,25,verificacion_servidor,0.0234
Concurrente,32,25,cifrado_simetrico_servidor,0.1228
Concurrente,32,25,cifrado_asimetrico_servidor,0.0704
Concurrente,32,10,verificacion_servidor,0.0256
Concurrente,32,10,cifrado_simetrico_servidor,0.1220
Concurrente,32,10,cifrado_asimetrico_servidor,0.0607
Concurrente,32,15,cifrado_asimetrico,0.0868
Concurrente,32,15,verificacion,0.1001
Concurrente,32,15,descifrado_direccion,0.0511
Concurrente,32,15,hmac_solicitud,0.0304
Concurrente,32,15,hmac_direccion,0.0253
Concurrente,32,15,hmac,0.0334
Concurrente,32,15,descifrado,0.0689
Concurrente,32,15,generacion_iv,0.0873
Concurrente,32,15,cifrado_simetrico,0.0669
Concurrente,32,5,cifrado_asimetrico,0.0656
Concurrente,32,5,verificacion,0.0592
Concurrente,32,5,descifrado_direccion,0.0581
Concurrente,32,5,hmac_solicitud,0.0256
Concurrente,32,5,hmac_direccion,0.0220
Concurrente,32,5,hmac,0.0362
Concurrente,32,5,descifrado,0.0561
Concurrente,32,5,generacion_iv,0.1123
Concurrente,32,5,cifrado_simetrico,0.0679
Concurrente,32,13,firma,2.1899
Concurrente,32,13,verificacion_servidor,0.0310
Concurrente,32,13,cifrado_simetrico_servidor,0.1074
Concurrente,32,13,cifrado_asimetrico_servidor,0.0900
Concurrente,32,30,cifrado_asimetrico,0.0704
Concurrente,32,30,verificacion,0.3950
Concurrente,32,30,descifrado_direccion,0.1216
Concurrente,32,30,hmac_solicitud,0.0262
Concurrente,32,30,hmac_direccion,0.0373
Concurrente,32,30,hmac,0.0300
Concurrente,32,30,descifrado,0.0595
Concurrente,32,30,generacion_iv,0.0886
Concurrente,32,30,cifrado_simetrico,0.0570
Concurrente,32,12,firma,0.5462
Concurrente,32,12,verificacion_servidor,0.0235
Concurrente,32,12,cifrado_simetrico_servidor,0.0937
Concurrente,32,12,cifrado_asimetrico_servidor,0.0586
Concurrente,32,26,cifrado_asimetrico,0.0691
Concurrente,32,26,verificacion,0.0784
Concurrente,32,26,descifrado_direccion,0.0489
Concurrente,32,26,hmac_solicitud,0.0229
Concurrente,32,26,hmac_direccion,0.0232
Concurrente,32,26,hmac,0.0244
Concurrente,32,26,descifrado,0.0617
Concurrente,32,26,generacion_iv,0.0855
Concurrente,32,26,cifrado_simetrico,0.0482
Concurrente,32,16,firma,0.5228
Concurrente,32,1,firma,0.4930
Concurrente,32,16,verificacion_servidor,0.0246
Concurrente,32,16,cifrado_simetrico_servidor,0.0906
Concurrente,32,16,cifrado_asimetrico_servidor,0.0646
Concurrente,32,19,cifrado_asimetrico,0.0649
Concurrente,32,19,verificacion,0.0648
Concurrente,32,19,descifrado_direccion,0.0453
Concurrente,32,19,hmac_solicitud,0.0229
Concurrente,32,19,hmac_direccion,0.0230
Concurrente,32,19,hmac,0.0243
Concurrente,32,19,descifrado,0.0542
Concurrente,32,19,generacion_iv,0.0861
Concurrente,32,19,cifrado_simetrico,0.0476
Concurrente,32,1,verificacion_servidor,0.0282
Concurrente,32,1,cifrado_simetrico_servidor,0.1107
Concurrente,32,1,cifrado_asimetrico_servidor,0.0647
Concurrente,32,1,cifrado_asimetrico,0.0665
Concurrente,32,1,verificacion,0.0601
Concurrente,32,1,descifrado_direccion,0.0515
Concurrente,32,1,hmac_solicitud,0.0285
Concurrente,32,1,hmac_direccion,0.0239
Concurrente,32,1,hmac,0.0256
Concurrente,32,1,descifrado,0.0472
Concurrente,32,1,generacion_iv,0.0649
Concurrente,32,1,cifrado_simetrico,0.0522
Concurrente,32,6,firma,0.5198
Concurrente,32,6,verificacion_servidor,0.0242
Concurrente,32,6,cifrado_simetrico_servidor,0.0970
Concurrente,32,6,cifrado_asimetrico_servidor,0.0592
Concurrente,32,14,cifrado_asimetrico,0.0677
Concurrente,32,14,verificacion,0.0696
Concurrente,32,14,descifrado_direccion,0.0504
Concurrente,32,14,hmac_solicitud,0.0259
Concurrente,32,14,hmac_direccion,0.0201
Concurrente,32,14,hmac,0.0215
Concurrente,32,14,descifrado,0.0530
Concurrente,32,14,generacion_iv,0.0905
Concurrente,32,14,cifrado_simetrico,0.0549
Concurrente,32,11,firma,0.5070
Concurrente,32,11,verificacion_servidor,0.0270
Concurrente,32,11,cifrado_simetrico_servidor,0.1321
Concurrente,32,11,cifrado_asimetrico_servidor,0.0571
Concurrente,32,27,cifrado_asimetrico,0.0685
Concurrente,32,27,verificacion,0.0896
Concurrente,32,27,descifrado_direccion,0.0696
Concurrente,32,27,hmac_solicitud,0.0287
Concurrente,32,27,hmac_direccion,0.0233
Concurrente,32,27,hmac,0.0285
Concurrente,32,27,descifrado,0.0871
Concurrente,32,27,generacion_iv,0.0991
Concurrente,32,27,cifrado_simetrico,0.0627
Concurrente,32,23,firma,0.5174
Concurrente,32,23,verificacion_servidor,0.0255
Concurrente,32,23,cifrado_simetrico_servidor,0.1259
Concurrente,32,23,cifrado_asimetrico_servidor,0.0592
Concurrente,32,4,cifrado_asimetrico,0.0757
Concurrente,32,4,verificacion,0.0869
Concurrente,32,4,descifrado_direccion,0.0521
Concurrente,32,4,hmac_solicitud,0.0328
Concurrente,32,4,hmac_direccion,0.0237
Concurrente,32,4,hmac,0.0298
Concurrente,32,4,descifrado,0.0742
Concurrente,32,4,generacion_iv,0.1138
Concurrente,32,4,cifrado_simetrico,0.0701
Concurrente,32,20,firma,0.3971
Concurrente,32,20,verificacion_servidor,0.0281
Concurrente,32,20,cifrado_simetrico_servidor,0.1116
Concurrente,32,20,cifrado_asimetrico_servidor,0.0590
Concurrente,32,24,cifrado_asimetrico,0.0682
Concurrente,32,24,verificacion,0.0782
Concurrente,32,24,descifrado_direccion,0.0560
Concurrente,32,24,hmac_solicitud,0.0262
Concurrente,32,24,hmac_direccion,0.0231
Concurrente,32,24,hmac,0.0280
Concurrente,32,24,descifrado,0.0651
Concurrente,32,24,generacion_iv,0.0985
Concurrente,32,24,cifrado_simetrico,0.0712
Concurrente,32,31,firma,0.5204
Concurrente,32,31,verificacion_servidor,0.0313
Concurrente,32,31,cifrado_simetrico_servidor,0.1424
Concurrente,32,31,cifrado_asimetrico_servidor,0.0622
Concurrente,32,21,cifrado_asimetrico,0.0799
Concurrente,32,21,verificacion,0.0869
Concurrente,32,21,descifrado_direccion,0.0742
Concurrente,32,21,hmac_solicitud,0.0338
Concurrente,32,21,hmac_direccion,0.0261
Concurrente,32,21,hmac,0.0268
Concurrente,32,21,descifrado,0.1078
Concurrente,32,21,generacion_iv,0.1198
Concurrente,32,21,cifrado_simetrico,0.1152
Concurrente,32,14,firma,0.5113
Concurrente,32,14,verificacion_servidor,0.0352
Concurrente,32,14,cifrado_simetrico_servidor,0.1673
Concurrente,32,14,cifrado_asimetrico_servidor,0.0671
Concurrente,32,28,cifrado_asimetrico,0.0859
Concurrente,32,28,verificacion,0.0805
Concurrente,32,28,descifrado_direccion,0.0796
Concurrente,32,28,hmac_solicitud,0.0372
Concurrente,32,28,hmac_direccion,0.0232
Concurrente,32,28,hmac,0.0267
Concurrente,32,28,descifrado,0.0960
Concurrente,32,28,generacion_iv,0.1001
Concurrente,32,28,cifrado_simetrico,0.0881
Concurrente,32,27,firma,0.4797
Concurrente,32,27,verificacion_servidor,0.0254
Concurrente,32,27,cifrado_simetrico_servidor,0.1424
Concurrente,32,27,cifrado_asimetrico_servidor,0.0714
Concurrente,32,17,cifrado_asimetrico,0.0717
Concurrente,32,17,verificacion,0.0775
Concurrente,32,17,descifrado_direccion,0.0731
Concurrente,32,17,hmac_solicitud,0.0295
Concurrente,32,17,hmac_direccion,0.0271
Concurrente,32,17,hmac,0.0267
Concurrente,32,17,descifrado,0.0837
Concurrente,32,17,generacion_iv,0.0893
Concurrente,32,17,cifrado_simetrico,0.0698
Concurrente,32,28,firma,0.6103
Concurrente,32,28,verificacion_servidor,0.0307
Concurrente,32,28,cifrado_simetrico_servidor,0.1368
Concurrente,32,28,cifrado_asimetrico_servidor,0.0668
Concurrente,32,16,cifrado_asimetrico,0.0868
Concurrente,32,16,verificacion,0.0943
Concurrente,32,16,descifrado_direccion,0.0687
Concurrente,32,16,hmac_solicitud,0.0410
Concurrente,32,16,hmac_direccion,0.0275
Concurrente,32,16,hmac,0.0285
Concurrente,32,16,descifrado,0.0924
Concurrente,32,16,generacion_iv,0.1553
Concurrente,32,16,cifrado_simetrico,0.1450
Concurrente,32,19,firma,0.5172
Concurrente,32,18,firma,0.4332
Concurrente,32,19,verificacion_servidor,0.0303
Concurrente,32,18,verificacion_servidor,0.0254
Concurrente,32,18,cifrado_simetrico_servidor,0.1367
Concurrente,32,19,cifrado_simetrico_servidor,0.1470
Concurrente,32,18,cifrado_asimetrico_servidor,0.0651
Concurrente,32,19,cifrado_asimetrico_servidor,0.0621
Concurrente,32,23,cifrado_asimetrico,0.0662
Concurrente,32,23,verificacion,0.0577
Concurrente,32,23,descifrado_direccion,0.1039
Concurrente,32,23,hmac_solicitud,0.0286
Concurrente,32,23,hmac_direccion,0.0520
Concurrente,32,23,hmac,0.0226
Concurrente,32,23,descifrado,0.0813
Concurrente,32,23,generacion_iv,0.0738
Concurrente,32,23,cifrado_simetrico,0.0747
Concurrente,32,6,cifrado_asimetrico,0.0822
Concurrente,32,6,verificacion,0.0818
Concurrente,32,6,descifrado_direccion,0.1022
Concurrente,32,6,hmac_solicitud,0.0337
Concurrente,32,6,hmac_direccion,0.0193
Concurrente,32,6,hmac,0.0263
Concurrente,32,6,descifrado,0.0813
Concurrente,32,6,generacion_iv,0.1017
Concurrente,32,6,cifrado_simetrico,0.0907
Concurrente,32,21,firma,0.4409
Concurrente,32,21,verificacion_servidor,0.0370
Concurrente,32,21,cifrado_simetrico_servidor,0.1939
Concurrente,32,21,cifrado_asimetrico_servidor,0.0720
Concurrente,32,12,cifrado_asimetrico,0.0789
Concurrente,32,12,verificacion,0.0865
Concurrente,32,12,descifrado_direccion,0.0788
Concurrente,32,12,hmac_solicitud,0.0443
Concurrente,32,12,hmac_direccion,0.0247
Concurrente,32,12,hmac,0.0235
Concurrente,32,12,descifrado,0.0847
Concurrente,32,12,generacion_iv,0.1020
Concurrente,32,12,cifrado_simetrico,0.0810
Concurrente,32,22,firma,0.4285
Concurrente,32,22,verificacion_servidor,0.0304
Concurrente,32,22,cifrado_simetrico_servidor,0.1629
Concurrente,32,22,cifrado_asimetrico_servidor,0.0684
Concurrente,32,10,cifrado_asimetrico,0.0742
Concurrente,32,10,verificacion,0.0798
Concurrente,32,10,descifrado_direccion,0.0625
Concurrente,32,10,hmac_solicitud,0.0337
Concurrente,32,10,hmac_direccion,0.0246
Concurrente,32,10,hmac,0.0302
Concurrente,32,10,descifrado,0.0635
Concurrente,32,10,generacion_iv,0.1067
Concurrente,32,10,cifrado_simetrico,0.0675
Concurrente,32,32,firma,0.4503
Concurrente,32,32,verificacion_servidor,0.0344
Concurrente,32,32,cifrado_simetrico_servidor,0.1271
Concurrente,32,32,cifrado_asimetrico_servidor,0.0868
Concurrente,32,32,cifrado_asimetrico,0.0828
Concurrente,32,32,verificacion,0.0951
Concurrente,32,32,descifrado_direccion,0.0982
Concurrente,32,32,hmac_solicitud,0.0378
Concurrente,32,32,hmac_direccion,0.0275
Concurrente,32,32,hmac,0.0276
Concurrente,32,32,descifrado,0.0772
Concurrente,32,32,generacion_iv,0.1081
Concurrente,32,32,cifrado_simetrico,0.0870
Concurrente,32,5,firma,0.4762
Concurrente,32,5,verificacion_servidor,0.0343
Concurrente,32,5,cifrado_simetrico_servidor,0.1769
Concurrente,32,5,cifrado_asimetrico_servidor,0.0577
Concurrente,32,3,cifrado_asimetrico,0.0949
Concurrente,32,3,verificacion,0.1103
Concurrente,32,3,descifrado_direccion,0.0778
Concurrente,32,3,hmac_solicitud,0.0443
Concurrente,32,3,hmac_direccion,0.0238
Concurrente,32,3,hmac,0.0454
Concurrente,32,3,descifrado,0.1269
Concurrente,32,3,generacion_iv,0.1083
Concurrente,32,3,cifrado_simetrico,0.1147
Concurrente,32,9,firma,0.3080
Concurrente,32,9,verificacion_servidor,0.0221
Concurrente,32,9,cifrado_simetrico_servidor,0.0785
Concurrente,32,9,cifrado_asimetrico_servidor,0.0495
Concurrente,32,7,firma,0.2768
Concurrente,32,8,cifrado_asimetrico,0.0602
Concurrente,32,8,verificacion,0.0693
Concurrente,32,8,descifrado_direccion,0.0530
Concurrente,32,8,hmac_solicitud,0.0303
Concurrente,32,8,hmac_direccion,0.0181
Concurrente,32,8,hmac,0.0201
Concurrente,32,8,descifrado,0.0530
Concurrente,32,8,generacion_iv,0.0738
Concurrente,32,8,cifrado_simetrico,0.0452
Concurrente,32,7,verificacion_servidor,0.0342
Concurrente,32,7,cifrado_simetrico_servidor,0.1413
Concurrente,32,7,cifrado_asimetrico_servidor,0.0498
Concurrente,32,11,cifrado_asimetrico,0.0664
Concurrente,32,11,verificacion,0.0791
Concurrente,32,11,descifrado_direccion,0.0554
Concurrente,32,11,hmac_solicitud,0.0536
Concurrente,32,11,hmac_direccion,0.0192
Concurrente,32,11,hmac,0.0208
Concurrente,32,11,descifrado,0.0706
Concurrente,32,11,generacion_iv,0.0782
Concurrente,32,11,cifrado_simetrico,0.0643
Concurrente,32,15,firma,0.2698
Concurrente,32,15,verificacion_servidor,0.0197
Concurrente,32,15,cifrado_simetrico_servidor,0.0693
Concurrente,32,15,cifrado_asimetrico_servidor,0.0444
Concurrente,32,18,cifrado_asimetrico,0.0423
Concurrente,32,18,verificacion,0.0586
Concurrente,32,18,descifrado_direccion,0.0313
Concurrente,32,18,hmac_solicitud,0.0176
Concurrente,32,18,hmac_direccion,0.0154
Concurrente,32,18,hmac,0.0200
Concurrente,32,18,descifrado,0.0453
Concurrente,32,18,generacion_iv,0.0622
Concurrente,32,18,cifrado_simetrico,0.0345
Concurrente,64,16,firma,0.5709
Concurrente,64,16,verificacion_servidor,0.0245
Concurrente,64,16,cifrado_simetrico_servidor,0.1265
Concurrente,64,16,cifrado_asimetrico_servidor,0.0583
Concurrente,64,16,cifrado_asimetrico,0.0731
Concurrente,64,16,verificacion,0.0841
Concurrente,64,16,descifrado_direccion,0.0533
Concurrente,64,16,hmac_solicitud,0.0293
Concurrente,64,16,hmac_direccion,0.0237
Concurrente,64,16,hmac,0.0261
Concurrente,64,16,descifrado,0.0602
Concurrente,64,16,generacion_iv,0.1393
Concurrente,64,16,cifrado_simetrico,0.0768
Concurrente,64,2,firma,1.0084
Concurrente,64,2,verificacion_servidor,0.0842
Concurrente,64,2,cifrado_simetrico_servidor,0.1585
Concurrente,64,2,cifrado_asimetrico_servidor,0.0690
Concurrente,64,4,cifrado_asimetrico,0.0952
Concurrente,64,4,verificacion,0.0979
Concurrente,64,4,descifrado_direccion,0.0502
Concurrente,64,4,hmac_solicitud,0.0928
Concurrente,64,4,hmac_direccion,0.0214
Concurrente,64,4,hmac,0.0617
Concurrente,64,4,descifrado,0.1170
Concurrente,64,4,generacion_iv,0.1338
Concurrente,64,4,cifrado_simetrico,0.1988
Concurrente,64,60,firma,0.5618
Concurrente,64,22,firma,0.4757
Concurrente,64,30,firma,0.4838
Concurrente,64,22,verificacion_servidor,0.0171
Concurrente,64,60,verificacion_servidor,0.0186
Concurrente,64,22,cifrado_simetrico_servidor,0.0685
Concurrente,64,60,cifrado_simetrico_servidor,0.0691
Concurrente,64,22,cifrado_asimetrico_servidor,0.0523
Concurrente,64,60,cifrado_asimetrico_servidor,0.0538
Concurrente,64,52,cifrado_asimetrico,0.0615
Concurrente,64,52,verificacion,0.0770
Concurrente,64,52,descifrado_direccion,0.0538
Concurrente,64,52,hmac_solicitud,0.0209
Concurrente,64,52,hmac_direccion,0.0182
Concurrente,64,52,hmac,0.0216
Concurrente,64,52,descifrado,0.0512
Concurrente,64,52,generacion_iv,0.0688
Concurrente,64,52,cifrado_simetrico,0.0472
Concurrente,64,30,verificacion_servidor,0.0213
Concurrente,64,57,cifrado_asimetrico,0.0569
Concurrente,64,57,verificacion,0.0618
Concurrente,64,57,descifrado_direccion,0.0510
Concurrente,64,57,hmac_solicitud,0.0215
Concurrente,64,57,hmac_direccion,0.0176
Concurrente,64,57,hmac,0.0236
Concurrente,64,57,descifrado,0.0450
Concurrente,64,57,generacion_iv,0.0548
Concurrente,64,57,cifrado_simetrico,0.0417
Concurrente,64,30,cifrado_simetrico_servidor,0.1136
Concurrente,64,30,cifrado_asimetrico_servidor,0.0995
Concurrente,64,22,cifrado_asimetrico,0.0516
Concurrente,64,22,verificacion,0.0576
Concurrente,64,22,descifrado_direccion,0.0957
Concurrente,64,22,hmac_solicitud,0.0253
Concurrente,64,22,hmac_direccion,0.0356
Concurrente,64,22,hmac,0.0185
Concurrente,64,22,descifrado,0.0466
Concurrente,64,22,generacion_iv,0.0536
Concurrente,64,22,cifrado_simetrico,0.0382
Concurrente,64,20,firma,0.5151
Concurrente,64,20,verificacion_servidor,0.0222
Concurrente,64,20,cifrado_simetrico_servidor,0.0914
Concurrente,64,20,cifrado_asimetrico_servidor,0.0620
Concurrente,64,63,cifrado_asimetrico,0.0621
Concurrente,64,63,verificacion,0.0725
Concurrente,64,63,descifrado_direccion,0.0393
Concurrente,64,63,hmac_solicitud,0.0195
Concurrente,64,63,hmac_direccion,0.0168
Concurrente,64,63,hmac,0.0254
Concurrente,64,63,descifrado,0.0649
Concurrente,64,63,generacion_iv,0.0679
Concurrente,64,63,cifrado_simetrico,0.0441
Concurrente,64,53,firma,0.5421
Concurrente,64,53,verificacion_servidor,0.0227
Concurrente,64,53,cifrado_simetrico_servidor,0.1449
Concurrente,64,53,cifrado_asimetrico_servidor,0.0676
Concurrente,64,30,cifrado_asimetrico,0.0821
Concurrente,64,30,verificacion,0.0682
Concurrente,64,30,descifrado_direccion,0.0566
Concurrente,64,30,hmac_solicitud,0.0251
Concurrente,64,30,hmac_direccion,0.0211
Concurrente,64,30,hmac,0.0193
Concurrente,64,30,descifrado,0.1096
Concurrente,64,30,generacion_iv,0.0874
Concurrente,64,30,cifrado_simetrico,0.0611
Concurrente,64,43,firma,0.5215
Concurrente,64,43,verificacion_servidor,0.0196
Concurrente,64,43,cifrado_simetrico_servidor,0.0800
Concurrente,64,43,cifrado_asimetrico_servidor,0.0598
Concurrente,64,45,cifrado_asimetrico,0.0655
Concurrente,64,45,verificacion,0.0734
Concurrente,64,45,descifrado_direccion,0.0470
Concurrente,64,45,hmac_solicitud,0.0201
Concurrente,64,45,hmac_direccion,0.0172
Concurrente,64,45,hmac,0.0191
Concurrente,64,45,descifrado,0.0540
Concurrente,64,45,generacion_iv,0.0675
Concurrente,64,45,cifrado_simetrico,0.0427
Concurrente,64,6,firma,0.4890
Concurrente,64,18,firma,1.0746
Concurrente,64,37,firma,0.4928
Concurrente,64,41,firma,0.5021
Concurrente,64,44,firma,0.5158
Concurrente,64,46,firma,0.5136
Concurrente,64,6,verificacion_servidor,0.0178
Concurrente,64,18,verificacion_servidor,0.0182
Concurrente,64,44,verificacion_servidor,0.0176
Concurrente,64,37,verificacion_servidor,0.0179
Concurrente,64,41,verificacion_servidor,0.0171
Concurrente,64,6,cifrado_simetrico_servidor,0.0801
Concurrente,64,18,cifrado_simetrico_servidor,0.0767
Concurrente,64,46,verificacion_servidor,0.0169
Concurrente,64,18,cifrado_asimetrico_servidor,0.0654
Concurrente,64,44,cifrado_simetrico_servidor,0.0857
Concurrente,64,37,cifrado_simetrico_servidor,0.0758
Concurrente,64,41,cifrado_simetrico_servidor,0.0879
Concurrente,64,6,cifrado_asimetrico_servidor,0.0884
Concurrente,64,46,cifrado_simetrico_servidor,0.0729
Concurrente,64,44,cifrado_asimetrico_servidor,0.0558
Concurrente,64,37,cifrado_asimetrico_servidor,0.0552
Concurrente,64,41,cifrado_asimetrico_servidor,0.0583
Concurrente,64,46,cifrado_asimetrico_servidor,0.0690
Concurrente,64,61,cifrado_asimetrico,0.0568
Concurrente,64,61,verificacion,0.0614
Concurrente,64,61,descifrado_direccion,0.0442
Concurrente,64,61,hmac_solicitud,0.0193
Concurrente,64,61,hmac_direccion,0.0198
Concurrente,64,61,hmac,0.0191
Concurrente,64,61,descifrado,0.0444
Concurrente,64,61,generacion_iv,0.0684
Concurrente,64,61,cifrado_simetrico,0.0402
Concurrente,64,9,cifrado_asimetrico,0.0593
Concurrente,64,9,verificacion,0.0827
Concurrente,64,9,descifrado_direccion,0.0455
Concurrente,64,9,hmac_solicitud,0.0206
Concurrente,64,9,hmac_direccion,0.0176
Concurrente,64,9,hmac,0.0178
Concurrente,64,9,descifrado,0.0503
Concurrente,64,9,generacion_iv,0.0626
Concurrente,64,9,cifrado_simetrico,0.0390
Concurrente,64,39,cifrado_asimetrico,0.0604
Concurrente,64,39,verificacion,0.0627
Concurrente,64,39,descifrado_direccion,0.0440
Concurrente,64,39,hmac_solicitud,0.0188
Concurrente,64,39,hmac_direccion,0.0187
Concurrente,64,39,hmac,0.0179
Concurrente,64,39,descifrado,0.0507
Concurrente,64,39,generacion_iv,0.0438
Concurrente,64,39,cifrado_simetrico,0.0421
Concurrente,64,60,cifrado_asimetrico,0.0772
Concurrente,64,60,verificacion,0.0520
Concurrente,64,60,descifrado_direccion,0.0379
Concurrente,64,60,hmac_solicitud,0.0190
Concurrente,64,60,hmac_direccion,0.0193
Concurrente,64,60,hmac,0.0348
Concurrente,64,60,descifrado,0.0404
Concurrente,64,60,generacion_iv,0.0446
Concurrente,64,60,cifrado_simetrico,0.0379
Concurrente,64,53,cifrado_asimetrico,0.0554
Concurrente,64,53,verificacion,0.0572
Concurrente,64,53,descifrado_direccion,0.0411
Concurrente,64,53,hmac_solicitud,0.0185
Concurrente,64,53,hmac_direccion,0.0195
Concurrente,64,53,hmac,0.0194
Concurrente,64,53,descifrado,0.0496
Concurrente,64,53,generacion_iv,0.0498
Concurrente,64,53,cifrado_simetrico,0.0396
Concurrente,64,58,cifrado_asimetrico,0.0505
Concurrente,64,58,verificacion,0.0503
Concurrente,64,58,descifrado_direccion,0.0436
Concurrente,64,58,hmac_solicitud,0.0357
Concurrente,64,58,hmac_direccion,0.0192
Concurrente,64,58,hmac,0.0184
Concurrente,64,58,descifrado,0.0408
Concurrente,64,58,generacion_iv,0.0503
Concurrente,64,58,cifrado_simetrico,0.0413
Concurrente,64,12,firma,0.5598
Concurrente,64,12,verificacion_servidor,0.0212
Concurrente,64,12,cifrado_simetrico_servidor,0.0998
Concurrente,64,12,cifrado_asimetrico_servidor,0.0575
Concurrente,64,5,cifrado_asimetrico,0.0775
Concurrente,64,5,verificacion,0.0784
Concurrente,64,5,descifrado_direccion,0.0446
Concurrente,64,5,hmac_solicitud,0.0239
Concurrente,64,5,hmac_direccion,0.0214
Concurrente,64,5,hmac,0.0188
Concurrente,64,5,descifrado,0.0499
Concurrente,64,5,generacion_iv,0.0725
Concurrente,64,5,cifrado_simetrico,0.0513
Concurrente,64,29,firma,0.5024
Concurrente,64,29,verificacion_servidor,0.0224
Concurrente,64,29,cifrado_simetrico_servidor,0.0953
Concurrente,64,29,cifrado_asimetrico_servidor,0.0543
Concurrente,64,19,cifrado_asimetrico,0.0741
Concurrente,64,19,verificacion,0.0720
Concurrente,64,19,descifrado_direccion,0.0449
Concurrente,64,19,hmac_solicitud,0.0415
Concurrente,64,19,hmac_direccion,0.0190
Concurrente,64,19,hmac,0.0227
Concurrente,64,19,descifrado,0.0557
Concurrente,64,19,generacion_iv,0.0763
Concurrente,64,19,cifrado_simetrico,0.0586
Concurrente,64,3,firma,0.5670
Concurrente,64,3,verificacion_servidor,0.0368
Concurrente,64,3,cifrado_simetrico_servidor,0.1471
Concurrente,64,3,cifrado_asimetrico_servidor,0.0798
Concurrente,64,8,cifrado_asimetrico,0.0743
Concurrente,64,8,verificacion,0.0706
Concurrente,64,8,descifrado_direccion,0.0728
Concurrente,64,8,hmac_solicitud,0.0420
Concurrente,64,8,hmac_direccion,0.0232
Concurrente,64,8,hmac,0.0186
Concurrente,64,8,descifrado,0.0560
Concurrente,64,8,generacion_iv,0.0858
Concurrente,64,8,cifrado_simetrico,0.0524
Concurrente,64,48,firma,0.5132
Concurrente,64,48,verificacion_servidor,0.0219
Concurrente,64,48,cifrado_simetrico_servidor,0.0820
Concurrente,64,48,cifrado_asimetrico_servidor,0.0721
Concurrente,64,24,cifrado_asimetrico,0.0643
Concurrente,64,24,verificacion,0.0684
Concurrente,64,24,descifrado_direccion,0.0487
Concurrente,64,24,hmac_solicitud,0.0224
Concurrente,64,24,hmac_direccion,0.0191
Concurrente,64,24,hmac,0.0202
Concurrente,64,24,descifrado,0.0697
Concurrente,64,24,generacion_iv,0.0736
Concurrente,64,24,cifrado_simetrico,0.0508
Concurrente,64,61,firma,0.5393
Concurrente,64,61,verificacion_servidor,0.0213
Concurrente,64,61,cifrado_simetrico_servidor,0.0817
Concurrente,64,61,cifrado_asimetrico_servidor,0.0546
Concurrente,64,41,cifrado_asimetrico,0.0639
Concurrente,64,41,verificacion,0.0732
Concurrente,64,41,descifrado_direccion,0.0543
Concurrente,64,41,hmac_solicitud,0.0212
Concurrente,64,41,hmac_direccion,0.0191
Concurrente,64,41,hmac,0.0229
Concurrente,64,41,descifrado,0.0611
Concurrente,64,41,generacion_iv,0.0706
Concurrente,64,41,cifrado_simetrico,0.0516
Concurrente,64,52,firma,0.4497
Concurrente,64,21,firma,0.5311
Concurrente,64,21,verificacion_servidor,0.0146
Concurrente,64,21,cifrado_simetrico_servidor,0.0744
Concurrente,64,21,cifrado_asimetrico_servidor,0.0564
Concurrente,64,47,cifrado_asimetrico,0.0637
Concurrente,64,47,verificacion,0.0675
Concurrente,64,47,descifrado_direccion,0.0472
Concurrente,64,47,hmac_solicitud,0.0203
Concurrente,64,47,hmac_direccion,0.0151
Concurrente,64,47,hmac,0.0198
Concurrente,64,47,descifrado,0.0512
Concurrente,64,47,generacion_iv,0.0616
Concurrente,64,47,cifrado_simetrico,0.0459
Concurrente,64,52,verificacion_servidor,0.0199
Concurrente,64,52,cifrado_simetrico_servidor,0.0983
Concurrente,64,52,cifrado_asimetrico_servidor,0.0558
Concurrente,64,49,cifrado_asimetrico,0.0661
Concurrente,64,49,verificacion,0.0778
Concurrente,64,49,descifrado_direccion,0.0384
Concurrente,64,49,hmac_solicitud,0.0218
Concurrente,64,49,hmac_direccion,0.0157
Concurrente,64,49,hmac,0.0190
Concurrente,64,49,descifrado,0.0746
Concurrente,64,49,generacion_iv,0.0790
Concurrente,64,49,cifrado_simetrico,0.0540
Concurrente,64,24,firma,0.5200
Concurrente,64,31,firma,0.5235
Concurrente,64,24,verificacion_servidor,0.0215
Concurrente,64,31,verificacion_servidor,0.0180
Concurrente,64,24,cifrado_simetrico_servidor,0.0944
Concurrente,64,31,cifrado_simetrico_servidor,0.0909
Concurrente,64,24,cifrado_asimetrico_servidor,0.0572
Concurrente,64,31,cifrado_asimetrico_servidor,0.0520
Concurrente,64,15,cifrado_asimetrico,0.0847
Concurrente,64,15,verificacion,0.0812
Concurrente,64,15,descifrado_direccion,0.0713
Concurrente,64,15,hmac_solicitud,0.0231
Concurrente,64,15,hmac_direccion,0.0188
Concurrente,64,15,hmac,0.0243
Concurrente,64,15,descifrado,0.0586
Concurrente,64,15,generacion_iv,0.2220
Concurrente,64,15,cifrado_simetrico,0.0517
Concurrente,64,20,cifrado_asimetrico,0.0622
Concurrente,64,20,verificacion,0.0657
Concurrente,64,20,descifrado_direccion,0.0872
Concurrente,64,20,hmac_solicitud,0.0196
Concurrente,64,20,hmac_direccion,0.0188
Concurrente,64,20,hmac,0.0189
Concurrente,64,20,descifrado,0.0483
Concurrente,64,20,generacion_iv,0.0524
Concurrente,64,20,cifrado_simetrico,0.0412
Concurrente,64,23,firma,0.4827
Concurrente,64,23,verificacion_servidor,0.0162
Concurrente,64,23,cifrado_simetrico_servidor,0.0822
Concurrente,64,23,cifrado_asimetrico_servidor,0.0547
Concurrente,64,62,cifrado_asimetrico,0.0628
Concurrente,64,62,verificacion,0.0730
Concurrente,64,62,descifrado_direccion,0.0444
Concurrente,64,62,hmac_solicitud,0.0175
Concurrente,64,62,hmac_direccion,0.0176
Concurrente,64,62,hmac,0.0656
Concurrente,64,62,descifrado,0.1078
Concurrente,64,62,generacion_iv,0.0587
Concurrente,64,62,cifrado_simetrico,0.0546
Concurrente,64,4,firma,0.5395
Concurrente,64,4,verificacion_servidor,0.0217
Concurrente,64,4,cifrado_simetrico_servidor,0.0899
Concurrente,64,4,cifrado_asimetrico_servidor,0.0582
Concurrente,64,1,cifrado_asimetrico,0.0732
Concurrente,64,1,verificacion,0.0734
Concurrente,64,1,descifrado_direccion,0.0378
Concurrente,64,1,hmac_solicitud,0.0223
Concurrente,64,1,hmac_direccion,0.0159
Concurrente,64,1,hmac,0.0185
Concurrente,64,1,descifrado,0.0507
Concurrente,64,1,generacion_iv,0.0562
Concurrente,64,1,cifrado_simetrico,0.0390
Concurrente,64,63,firma,0.5306
Concurrente,64,63,verificacion_servidor,0.0200
Concurrente,64,63,cifrado_simetrico_servidor,0.0863
Concurrente,64,63,cifrado_asimetrico_servidor,0.0581
Concurrente,64,59,cifrado_asimetrico,0.0663
Concurrente,64,59,verificacion,0.0710
Concurrente,64,59,descifrado_direccion,0.0370
Concurrente,64,59,hmac_solicitud,0.0188
Concurrente,64,59,hmac_direccion,0.0145
Concurrente,64,59,hmac,0.0160
Concurrente,64,59,descifrado,0.0415
Concurrente,64,59,generacion_iv,0.0665
Concurrente,64,59,cifrado_simetrico,0.0405
Concurrente,64,19,firma,0.4056
Concurrente,64,19,verificacion_servidor,0.0194
Concurrente,64,19,cifrado_simetrico_servidor,0.0915
Concurrente,64,19,cifrado_asimetrico_servidor,0.0662
Concurrente,64,27,cifrado_asimetrico,0.0813
Concurrente,64,27,verificacion,0.0667
Concurrente,64,27,descifrado_direccion,0.0418
Concurrente,64,27,hmac_solicitud,0.0204
Concurrente,64,27,hmac_direccion,0.0158
Concurrente,64,27,hmac,0.0157
Concurrente,64,27,descifrado,0.0439
Concurrente,64,27,generacion_iv,0.0543
Concurrente,64,27,cifrado_simetrico,0.0347
Concurrente,64,33,firma,5.1146
Concurrente,64,42,firma,0.5306
Concurrente,64,64,firma,0.4624
Concurrente,64,50,firma,0.5267
Concurrente,64,47,firma,0.5017
Concurrente,64,33,verificacion_servidor,0.0183
Concurrente,64,64,verificacion_servidor,0.0159
Concurrente,64,50,verificacion_servidor,0.0163
Concurrente,64,42,verificacion_servidor,0.0168
Concurrente,64,33,cifrado_simetrico_servidor,0.0932
Concurrente,64,64,cifrado_simetrico_servidor,0.0667
Concurrente,64,33,cifrado_asimetrico_servidor,0.0562
Concurrente,64,47,verificacion_servidor,0.0152
Concurrente,64,50,cifrado_simetrico_servidor,0.0698
Concurrente,64,42,cifrado_simetrico_servidor,0.0663
Concurrente,64,64,cifrado_asimetrico_servidor,0.0558
Concurrente,64,47,cifrado_simetrico_servidor,0.0637
Concurrente,64,50,cifrado_asimetrico_servidor,0.0487
Concurrente,64,42,cifrado_asimetrico_servidor,0.0546
Concurrente,64,47,cifrado_asimetrico_servidor,0.0546
Concurrente,64,13,cifrado_asimetrico,0.0649
Concurrente,64,13,verificacion,0.0808
Concurrente,64,13,descifrado_direccion,0.0592
Concurrente,64,13,hmac_solicitud,0.0237
Concurrente,64,13,hmac_direccion,0.0158
Concurrente,64,13,hmac,0.0174
Concurrente,64,13,descifrado,0.0414
Concurrente,64,13,generacion_iv,0.0589
Concurrente,64,13,cifrado_simetrico,0.0430
Concurrente,64,64,cifrado_asimetrico,0.0613
Concurrente,64,64,verificacion,0.0619
Concurrente,64,64,descifrado_direccion,0.0375
Concurrente,64,64,hmac_solicitud,0.0173
Concurrente,64,64,hmac_direccion,0.0167
Concurrente,64,64,hmac,0.0142
Concurrente,64,64,descifrado,0.0360
Concurrente,64,64,generacion_iv,0.0547
Concurrente,64,64,cifrado_simetrico,0.0350
Concurrente,64,48,cifrado_asimetrico,0.0556
Concurrente,64,48,verificacion,0.0563
Concurrente,64,48,descifrado_direccion,0.0341
Concurrente,64,48,hmac_solicitud,0.0155
Concurrente,64,48,hmac_direccion,0.0145
Concurrente,64,48,hmac,0.0176
Concurrente,64,48,descifrado,0.0341
Concurrente,64,48,generacion_iv,0.0434
Concurrente,64,48,cifrado_simetrico,0.0307
Concurrente,64,33,cifrado_asimetrico,0.0568
Concurrente,64,33,verificacion,0.0546
Concurrente,64,33,descifrado_direccion,0.0427
Concurrente,64,33,hmac_solicitud,0.0165
Concurrente,64,33,hmac_direccion,0.0164
Concurrente,64,33,hmac,0.0164
Concurrente,64,33,descifrado,0.0416
Concurrente,64,33,generacion_iv,0.0432
Concurrente,64,33,cifrado_simetrico,0.0304
Concurrente,64,18,cifrado_asimetrico,0.0562
Concurrente,64,18,verificacion,0.0539
Concurrente,64,18,descifrado_direccion,0.0507
Concurrente,64,18,hmac_solicitud,0.0168
Concurrente,64,18,hmac_direccion,0.0156
Concurrente,64,18,hmac,0.0165
Concurrente,64,18,descifrado,0.0355
Concurrente,64,18,generacion_iv,0.0518
Concurrente,64,18,cifrado_simetrico,0.0342
Concurrente,64,54,firma,0.5328
Concurrente,64,54,verificacion_servidor,0.0219
Concurrente,64,54,cifrado_simetrico_servidor,0.0847
Concurrente,64,54,cifrado_asimetrico_servidor,0.0597
Concurrente,64,55,cifrado_asimetrico,0.0654
Concurrente,64,55,verificacion,0.0768
Concurrente,64,55,descifrado_direccion,0.0360
Concurrente,64,55,hmac_solicitud,0.0186
Concurrente,64,55,hmac_direccion,0.0151
Concurrente,64,55,hmac,0.0336
Concurrente,64,55,descifrado,0.0937
Concurrente,64,55,generacion_iv,0.0706
Concurrente,64,55,cifrado_simetrico,0.0400
Concurrente,64,10,firma,0.5167
Concurrente,64,10,verificacion_servidor,0.0171
Concurrente,64,10,cifrado_simetrico_servidor,0.0748
Concurrente,64,10,cifrado_asimetrico_servidor,0.0571
Concurrente,64,11,cifrado_asimetrico,0.0758
Concurrente,64,11,verificacion,0.0751
Concurrente,64,11,descifrado_direccion,0.0364
Concurrente,64,11,hmac_solicitud,0.0221
Concurrente,64,11,hmac_direccion,0.0154
Concurrente,64,11,hmac,0.0165
Concurrente,64,11,descifrado,0.0464
Concurrente,64,11,generacion_iv,0.0889
Concurrente,64,11,cifrado_simetrico,0.0491
Concurrente,64,13,firma,0.4778
Concurrente,64,13,verificacion_servidor,0.0199
Concurrente,64,13,cifrado_simetrico_servidor,0.0730
Concurrente,64,13,cifrado_asimetrico_servidor,0.0619
Concurrente,64,38,cifrado_asimetrico,0.0632
Concurrente,64,38,verificacion,0.0732
Concurrente,64,38,descifrado_direccion,0.0485
Concurrente,64,38,hmac_solicitud,0.0198
Concurrente,64,38,hmac_direccion,0.0162
Concurrente,64,38,hmac,0.0170
Concurrente,64,38,descifrado,0.0461
Concurrente,64,38,generacion_iv,0.0590
Concurrente,64,38,cifrado_simetrico,0.0333
Concurrente,64,36,firma,0.5031
Concurrente,64,36,verificacion_servidor,0.0176
Concurrente,64,36,cifrado_simetrico_servidor,0.0681
Concurrente,64,36,cifrado_asimetrico_servidor,0.0557
Concurrente,64,21,cifrado_asimetrico,0.0615
Concurrente,64,21,verificacion,0.0915
Concurrente,64,21,descifrado_direccion,0.0363
Concurrente,64,21,hmac_solicitud,0.0161
Concurrente,64,21,hmac_direccion,0.0149
Concurrente,64,21,hmac,0.0178
Concurrente,64,21,descifrado,0.0468
Concurrente,64,21,generacion_iv,0.0602
Concurrente,64,21,cifrado_simetrico,0.0334
Concurrente,64,17,firma,0.5980
Concurrente,64,17,verificacion_servidor,0.0140
Concurrente,64,17,cifrado_simetrico_servidor,0.1190
Concurrente,64,17,cifrado_asimetrico_servidor,0.0789
Concurrente,64,36,cifrado_asimetrico,0.0546
Concurrente,64,36,verificacion,0.0613
Concurrente,64,36,descifrado_direccion,0.0421
Concurrente,64,36,hmac_solicitud,0.0156
Concurrente,64,36,hmac_direccion,0.0220
Concurrente,64,36,hmac,0.0171
Concurrente,64,36,descifrado,0.0408
Concurrente,64,36,generacion_iv,0.0685
Concurrente,64,36,cifrado_simetrico,0.0400
Concurrente,64,11,firma,0.5908
Concurrente,64,11,verificacion_servidor,0.0129
Concurrente,64,11,cifrado_simetrico_servidor,0.0683
Concurrente,64,11,cifrado_asimetrico_servidor,0.0516
Concurrente,64,14,cifrado_asimetrico,0.0601
Concurrente,64,14,verificacion,0.0724
Concurrente,64,14,descifrado_direccion,0.0275
Concurrente,64,14,hmac_solicitud,0.0131
Concurrente,64,14,hmac_direccion,0.0087
Concurrente,64,14,hmac,0.0263
Concurrente,64,14,descifrado,0.0693
Concurrente,64,14,generacion_iv,0.0759
Concurrente,64,14,cifrado_simetrico,0.0287
Concurrente,64,40,firma,0.5465
Concurrente,64,34,firma,0.7027
Concurrente,64,40,verificacion_servidor,0.0132
Concurrente,64,49,firma,0.5166
Concurrente,64,40,cifrado_simetrico_servidor,0.0980
Concurrente,64,40,cifrado_asimetrico_servidor,0.0641
Concurrente,64,35,cifrado_asimetrico,0.0592
Concurrente,64,35,verificacion,0.0632
Concurrente,64,35,descifrado_direccion,0.0292
Concurrente,64,35,hmac_solicitud,0.0131
Concurrente,64,35,hmac_direccion,0.0125
Concurrente,64,35,hmac,0.0132
Concurrente,64,35,descifrado,0.0437
Concurrente,64,35,generacion_iv,0.0531
Concurrente,64,35,cifrado_simetrico,0.0285
Concurrente,64,34,verificacion_servidor,0.0136
Concurrente,64,34,cifrado_simetrico_servidor,0.0916
Concurrente,64,49,verificacion_servidor,0.0174
Concurrente,64,34,cifrado_asimetrico_servidor,0.0495
Concurrente,64,49,cifrado_simetrico_servidor,0.0672
Concurrente,64,49,cifrado_asimetrico_servidor,0.0549
Concurrente,64,54,cifrado_asimetrico,0.0626
Concurrente,64,54,verificacion,0.0672
Concurrente,64,54,descifrado_direccion,0.0292
Concurrente,64,54,hmac_solicitud,0.0169
Concurrente,64,54,hmac_direccion,0.0105
Concurrente,64,54,hmac,0.0129
Concurrente,64,54,descifrado,0.0349
Concurrente,64,54,generacion_iv,0.0765
Concurrente,64,54,cifrado_simetrico,0.0301
Concurrente,64,25,cifrado_asimetrico,0.0583
Concurrente,64,25,verificacion,0.0603
Concurrente,64,25,descifrado_direccion,0.0492
Concurrente,64,25,hmac_solicitud,0.0143
Concurrente,64,25,hmac_direccion,0.0120
Concurrente,64,25,hmac,0.0146
Concurrente,64,25,descifrado,0.0391
Concurrente,64,25,generacion_iv,0.0532
Concurrente,64,25,cifrado_simetrico,0.0298
Concurrente,64,28,firma,0.5215
Concurrente,64,28,verificacion_servidor,0.0136
Concurrente,64,28,cifrado_simetrico_servidor,0.0767
Concurrente,64,28,cifrado_asimetrico_servidor,0.0538
Concurrente,64,34,cifrado_asimetrico,0.0613
Concurrente,64,34,verificacion,0.0718
Concurrente,64,34,descifrado_direccion,0.0426
Concurrente,64,34,hmac_solicitud,0.0166
Concurrente,64,34,hmac_direccion,0.0128
Concurrente,64,34,hmac,0.0165
Concurrente,64,34,descifrado,0.0426
Concurrente,64,34,generacion_iv,0.0641
Concurrente,64,34,cifrado_simetrico,0.0351
Concurrente,64,58,firma,0.5169
Concurrente,64,58,verificacion_servidor,0.0158
Concurrente,64,58,cifrado_simetrico_servidor,0.1292
Concurrente,64,58,cifrado_asimetrico_servidor,0.0645
Concurrente,64,56,cifrado_asimetrico,0.0691
Concurrente,64,56,verificacion,0.0932
Concurrente,64,56,descifrado_direccion,0.0745
Concurrente,64,56,hmac_solicitud,0.0208
Concurrente,64,56,hmac_direccion,0.0144
Concurrente,64,56,hmac,0.0165
Concurrente,64,56,descifrado,0.0565
Concurrente,64,56,generacion_iv,0.0847
Concurrente,64,56,cifrado_simetrico,0.0543
Concurrente,64,35,firma,0.5375
Concurrente,64,35,verificacion_servidor,0.0140
Concurrente,64,35,cifrado_simetrico_servidor,0.0743
Concurrente,64,35,cifrado_asimetrico_servidor,0.0751
Concurrente,64,32,cifrado_asimetrico,0.0626
Concurrente,64,32,verificacion,0.0901
Concurrente,64,32,descifrado_direccion,0.0439
Concurrente,64,32,hmac_solicitud,0.0195
Concurrente,64,32,hmac_direccion,0.0144
Concurrente,64,32,hmac,0.0130
Concurrente,64,32,descifrado,0.0427
Concurrente,64,32,generacion_iv,0.0956
Concurrente,64,32,cifrado_simetrico,0.0339
Concurrente,64,39,firma,0.5842
Concurrente,64,39,verificacion_servidor,0.0133
Concurrente,64,39,cifrado_simetrico_servidor,0.0663
Concurrente,64,39,cifrado_asimetrico_servidor,0.0533
Concurrente,64,28,cifrado_asimetrico,0.0732
Concurrente,64,28,verificacion,0.0866
Concurrente,64,28,descifrado_direccion,0.0300
Concurrente,64,28,hmac_solicitud,0.0151
Concurrente,64,28,hmac_direccion,0.0121
Concurrente,64,28,hmac,0.0163
Concurrente,64,28,descifrado,0.0632
Concurrente,64,28,generacion_iv,0.0483
Concurrente,64,28,cifrado_simetrico,0.0355
Concurrente,64,1,firma,0.4609
Concurrente,64,1,verificacion_servidor,0.0141
Concurrente,64,1,cifrado_simetrico_servidor,0.0703
Concurrente,64,1,cifrado_asimetrico_servidor,0.0554
Concurrente,64,3,cifrado_asimetrico,0.0632
Concurrente,64,3,verificacion,0.0747
Concurrente,64,3,descifrado_direccion,0.0350
Concurrente,64,3,hmac_solicitud,0.0149
Concurrente,64,3,hmac_direccion,0.0125
Concurrente,64,3,hmac,0.0153
Concurrente,64,3,descifrado,0.0440
Concurrente,64,3,generacion_iv,0.0526
Concurrente,64,3,cifrado_simetrico,0.0386
Concurrente,64,57,firma,0.7924
Concurrente,64,57,verificacion_servidor,0.0168
Concurrente,64,57,cifrado_simetrico_servidor,0.0731
Concurrente,64,57,cifrado_asimetrico_servidor,0.0575
Concurrente,64,37,cifrado_asimetrico,0.0604
Concurrente,64,37,verificacion,0.0709
Concurrente,64,37,descifrado_direccion,0.0400
Concurrente,64,37,hmac_solicitud,0.0149
Concurrente,64,37,hmac_direccion,0.0118
Concurrente,64,37,hmac,0.0134
Concurrente,64,37,descifrado,0.0400
Concurrente,64,37,generacion_iv,0.0461
Concurrente,64,37,cifrado_simetrico,0.0290
Concurrente,64,59,firma,0.5059
Concurrente,64,59,verificacion_servidor,0.0178
Concurrente,64,59,cifrado_simetrico_servidor,0.0822
Concurrente,64,59,cifrado_asimetrico_servidor,0.0605
Concurrente,64,46,cifrado_asimetrico,0.1049
Concurrente,64,46,verificacion,0.0979
Concurrente,64,46,descifrado_direccion,0.0601
Concurrente,64,46,hmac_solicitud,0.0214
Concurrente,64,46,hmac_direccion,0.0143
Concurrente,64,46,hmac,0.0141
Concurrente,64,46,descifrado,0.0463
Concurrente,64,46,generacion_iv,0.0609
Concurrente,64,46,cifrado_simetrico,0.0482
Concurrente,64,14,firma,0.5055
Concurrente,64,14,verificacion_servidor,0.0139
Concurrente,64,14,cifrado_simetrico_servidor,0.1718
Concurrente,64,14,cifrado_asimetrico_servidor,0.0628
Concurrente,64,6,cifrado_asimetrico,0.0629
Concurrente,64,6,verificacion,0.0670
Concurrente,64,6,descifrado_direccion,0.0371
Concurrente,64,6,hmac_solicitud,0.0179
Concurrente,64,6,hmac_direccion,0.0131
Concurrente,64,6,hmac,0.0140
Concurrente,64,6,descifrado,0.0434
Concurrente,64,6,generacion_iv,0.0534
Concurrente,64,6,cifrado_simetrico,0.0311
Concurrente,64,25,firma,0.4871
Concurrente,64,25,verificacion_servidor,0.0150
Concurrente,64,25,cifrado_simetrico_servidor,0.0895
Concurrente,64,25,cifrado_asimetrico_servidor,0.0611
Concurrente,64,29,cifrado_asimetrico,0.0687
Concurrente,64,29,verificacion,0.0861
Concurrente,64,29,descifrado_direccion,0.0432
Concurrente,64,29,hmac_solicitud,0.0192
Concurrente,64,29,hmac_direccion,0.0123
Concurrente,64,29,hmac,0.0140
Concurrente,64,29,descifrado,0.0437
Concurrente,64,29,generacion_iv,0.1142
Concurrente,64,29,cifrado_simetrico,0.0434
Concurrente,64,51,firma,0.4695
Concurrente,64,51,verificacion_servidor,0.0161
Concurrente,64,51,cifrado_simetrico_servidor,0.0592
Concurrente,64,51,cifrado_asimetrico_servidor,0.0515
Concurrente,64,50,cifrado_asimetrico,0.0649
Concurrente,64,50,verificacion,0.0660
Concurrente,64,50,descifrado_direccion,0.0385
Concurrente,64,50,hmac_solicitud,0.0162
Concurrente,64,50,hmac_direccion,0.0128
Concurrente,64,50,hmac,0.0135
Concurrente,64,50,descifrado,0.0441
Concurrente,64,50,generacion_iv,0.0442
Concurrente,64,50,cifrado_simetrico,0.0327
Concurrente,64,26,firma,0.4694
Concurrente,64,26,verificacion_servidor,0.0153
Concurrente,64,26,cifrado_simetrico_servidor,0.0593
Concurrente,64,26,cifrado_asimetrico_servidor,0.0723
Concurrente,64,44,cifrado_asimetrico,0.0590
Concurrente,64,44,verificacion,0.0607
Concurrente,64,44,descifrado_direccion,0.0294
Concurrente,64,44,hmac_solicitud,0.0150
Concurrente,64,44,hmac_direccion,0.0117
Concurrente,64,44,hmac,0.0139
Concurrente,64,44,descifrado,0.0370
Concurrente,64,44,generacion_iv,0.0374
Concurrente,64,44,cifrado_simetrico,0.0280
Concurrente,64,62,firma,0.5068
Concurrente,64,62,verificacion_servidor,0.0179
Concurrente,64,62,cifrado_simetrico_servidor,0.0643
Concurrente,64,62,cifrado_asimetrico_servidor,0.0662
Concurrente,64,23,cifrado_asimetrico,0.0669
Concurrente,64,23,verificacion,0.0809
Concurrente,64,23,descifrado_direccion,0.0459
Concurrente,64,23,hmac_solicitud,0.0183
Concurrente,64,23,hmac_direccion,0.0135
Concurrente,64,23,hmac,0.0242
Concurrente,64,23,descifrado,0.0644
Concurrente,64,23,generacion_iv,0.0582
Concurrente,64,23,cifrado_simetrico,0.0406
Concurrente,64,9,firma,0.5069
Concurrente,64,9,verificacion_servidor,0.0171
Concurrente,64,9,cifrado_simetrico_servidor,0.0655
Concurrente,64,9,cifrado_asimetrico_servidor,0.0615
Concurrente,64,10,cifrado_asimetrico,0.0664
Concurrente,64,10,verificacion,0.0691
Concurrente,64,10,descifrado_direccion,0.0401
Concurrente,64,10,hmac_solicitud,0.0177
Concurrente,64,10,hmac_direccion,0.0121
Concurrente,64,10,hmac,0.0150
Concurrente,64,10,descifrado,0.0662
Concurrente,64,10,generacion_iv,0.0485
Concurrente,64,10,cifrado_simetrico,0.0394
Concurrente,64,5,firma,0.4744
Concurrente,64,55,firma,0.5114
Concurrente,64,5,verificacion_servidor,0.0135
Concurrente,64,55,verificacion_servidor,0.0144
Concurrente,64,5,cifrado_simetrico_servidor,0.0714
Concurrente,64,55,cifrado_simetrico_servidor,0.0516
Concurrente,64,5,cifrado_asimetrico_servidor,0.0512
Concurrente,64,55,cifrado_asimetrico_servidor,0.0517
Concurrente,64,12,cifrado_asimetrico,0.0643
Concurrente,64,12,verificacion,0.0772
Concurrente,64,12,descifrado_direccion,0.0288
Concurrente,64,12,hmac_solicitud,0.0159
Concurrente,64,12,hmac_direccion,0.0131
Concurrente,64,12,hmac,0.0147
Concurrente,64,12,descifrado,0.0474
Concurrente,64,12,generacion_iv,0.0448
Concurrente,64,12,cifrado_simetrico,0.0358
Concurrente,64,42,cifrado_asimetrico,0.0583
Concurrente,64,42,verificacion,0.0540
Concurrente,64,42,descifrado_direccion,0.0304
Concurrente,64,42,hmac_solicitud,0.0142
Concurrente,64,42,hmac_direccion,0.0111
Concurrente,64,42,hmac,0.0135
Concurrente,64,42,descifrado,0.0425
Concurrente,64,42,generacion_iv,0.0346
Concurrente,64,42,cifrado_simetrico,0.0335
Concurrente,64,8,firma,0.4112
Concurrente,64,8,verificacion_servidor,0.0174
Concurrente,64,8,cifrado_simetrico_servidor,0.0710
Concurrente,64,8,cifrado_asimetrico_servidor,0.0588
Concurrente,64,7,cifrado_asimetrico,0.0639
Concurrente,64,7,verificacion,0.1949
Concurrente,64,7,descifrado_direccion,0.0353
Concurrente,64,7,hmac_solicitud,0.0195
Concurrente,64,7,hmac_direccion,0.0138
Concurrente,64,7,hmac,0.0137
Concurrente,64,7,descifrado,0.0882
Concurrente,64,7,generacion_iv,0.0542
Concurrente,64,7,cifrado_simetrico,0.0630
Concurrente,64,38,firma,0.5249
Concurrente,64,38,verificacion_servidor,0.0148
Concurrente,64,38,cifrado_simetrico_servidor,0.0588
Concurrente,64,38,cifrado_asimetrico_servidor,0.0620
Concurrente,64,31,cifrado_asimetrico,0.0647
Concurrente,64,31,verificacion,0.0808
Concurrente,64,31,descifrado_direccion,0.0398
Concurrente,64,31,hmac_solicitud,0.0177
Concurrente,64,31,hmac_direccion,0.0133
Concurrente,64,31,hmac,0.0148
Concurrente,64,31,descifrado,0.0498
Concurrente,64,31,generacion_iv,0.0482
Concurrente,64,31,cifrado_simetrico,0.0412
Concurrente,64,32,firma,0.7908
Concurrente,64,32,verificacion_servidor,0.0167
Concurrente,64,32,cifrado_simetrico_servidor,0.1028
Concurrente,64,32,cifrado_asimetrico_servidor,0.0663
Concurrente,64,51,cifrado_asimetrico,0.0697
Concurrente,64,51,verificacion,0.0851
Concurrente,64,51,descifrado_direccion,0.0482
Concurrente,64,51,hmac_solicitud,0.0211
Concurrente,64,51,hmac_direccion,0.0149
Concurrente,64,51,hmac,0.0151
Concurrente,64,51,descifrado,0.0562
Concurrente,64,51,generacion_iv,0.0620
Concurrente,64,51,cifrado_simetrico,0.0475
Concurrente,64,56,firma,0.4498
Concurrente,64,56,verificacion_servidor,0.0192
Concurrente,64,56,cifrado_simetrico_servidor,0.0728
Concurrente,64,56,cifrado_asimetrico_servidor,0.0958
Concurrente,64,26,cifrado_asimetrico,0.0907
Concurrente,64,26,verificacion,0.0833
Concurrente,64,26,descifrado_direccion,0.0511
Concurrente,64,26,hmac_solicitud,0.0238
Concurrente,64,26,hmac_direccion,0.0131
Concurrente,64,26,hmac,0.0149
Concurrente,64,26,descifrado,0.0516
Concurrente,64,26,generacion_iv,0.0553
Concurrente,64,26,cifrado_simetrico,0.0467
Concurrente,64,15,firma,0.2790
Concurrente,64,15,verificacion_servidor,0.0106
Concurrente,64,15,cifrado_simetrico_servidor,0.0507
Concurrente,64,15,cifrado_asimetrico_servidor,0.0671
Concurrente,64,17,cifrado_asimetrico,0.0650
Concurrente,64,17,verificacion,0.0607
Concurrente,64,17,descifrado_direccion,0.0289
Concurrente,64,17,hmac_solicitud,0.0158
Concurrente,64,17,hmac_direccion,0.0099
Concurrente,64,17,hmac,0.0117
Concurrente,64,17,descifrado,0.0322
Concurrente,64,17,generacion_iv,0.0404
Concurrente,64,17,cifrado_simetrico,0.0339
Concurrente,64,27,firma,0.2929
Concurrente,64,27,verificacion_servidor,0.0110
Concurrente,64,27,cifrado_simetrico_servidor,0.0368
Concurrente,64,27,cifrado_asimetrico_servidor,0.0382
Concurrente,64,43,cifrado_asimetrico,0.0422
Concurrente,64,43,verificacion,0.0654
Concurrente,64,43,descifrado_direccion,0.0358
Concurrente,64,43,hmac_solicitud,0.0145
Concurrente,64,43,hmac_direccion,0.0090
Concurrente,64,43,hmac,0.0096
Concurrente,64,43,descifrado,0.0295
Concurrente,64,43,generacion_iv,0.0390
Concurrente,64,43,cifrado_simetrico,0.0278
Concurrente,64,45,firma,0.2728
Concurrente,64,45,verificacion_servidor,0.0364
Concurrente,64,45,cifrado_simetrico_servidor,0.0468
Concurrente,64,45,cifrado_asimetrico_servidor,0.0409
Concurrente,64,40,cifrado_asimetrico,0.0521
Concurrente,64,40,verificacion,0.0602
Concurrente,64,40,descifrado_direccion,0.0357
Concurrente,64,40,hmac_solicitud,0.0147
Concurrente,64,40,hmac_direccion,0.0121
Concurrente,64,40,hmac,0.0100
Concurrente,64,40,descifrado,0.0278
Concurrente,64,40,generacion_iv,0.0278
Concurrente,64,40,cifrado_simetrico,0.0362
Concurrente,64,7,firma,0.2469
Concurrente,64,7,verificacion_servidor,0.0157
Concurrente,64,7,cifrado_simetrico_servidor,0.0677
Concurrente,64,7,cifrado_asimetrico_servidor,0.0570
Concurrente,64,2,cifrado_asimetrico,0.0900
Concurrente,64,2,verificacion,0.0706
Concurrente,64,2,descifrado_direccion,0.0323
Concurrente,64,2,hmac_solicitud,0.0238
Concurrente,64,2,hmac_direccion,0.0099
Concurrente,64,2,hmac,0.0104
Concurrente,64,2,descifrado,0.0408
Concurrente,64,2,generacion_iv,0.0413
Concurrente,64,2,cifrado_simetrico,0.0464
